,AnimalID,SessionID,Ntrials,Protocol,Stim,FiberSide,FiberArea,StimSide,StimPort,Contralateral,InitialBias,ProgressionBlockIndex,BiasToStimMovement
297,DAopto-01,DAopto-01 Apr05 14:04,432.0,Aud_Psycho,True,Right,tStr,Left,Center,True,65.63553113553114,75.5,-0.0
298,DAopto-01,DAopto-01 Apr05 14:04,432.0,Aud_Psycho,True,Right,tStr,Left,Center,True,65.63553113553114,149.5,-4.642857142857125
299,DAopto-01,DAopto-01 Apr05 14:04,432.0,Aud_Psycho,True,Right,tStr,Left,Center,True,65.63553113553114,154.5,-3.452380952380949
300,DAopto-01,DAopto-01 Apr05 14:04,432.0,Aud_Psycho,True,Right,tStr,Left,Center,True,65.63553113553114,159.5,-4.404761904761898
301,DAopto-01,DAopto-01 Apr05 14:04,432.0,Aud_Psycho,True,Right,tStr,Left,Center,True,65.63553113553114,164.5,-2.7380952380952266
302,DAopto-01,DAopto-01 Apr05 14:04,432.0,Aud_Psycho,True,Right,tStr,Left,Center,True,65.63553113553114,169.5,-2.7380952380952266
303,DAopto-01,DAopto-01 Apr05 14:04,432.0,Aud_Psycho,True,Right,tStr,Left,Center,True,65.63553113553114,174.5,-5.595238095238088
304,DAopto-01,DAopto-01 Apr05 14:04,432.0,Aud_Psycho,True,Right,tStr,Left,Center,True,65.63553113553114,179.5,-5.595238095238088
305,DAopto-01,DAopto-01 Apr05 14:04,432.0,Aud_Psycho,True,Right,tStr,Left,Center,True,65.63553113553114,184.5,-10.357142857142847
306,DAopto-01,DAopto-01 Apr05 14:04,432.0,Aud_Psycho,True,Right,tStr,Left,Center,True,65.63553113553114,189.5,-16.309523809523796
307,DAopto-01,DAopto-01 Apr05 14:04,432.0,Aud_Psycho,True,Right,tStr,Left,Center,True,65.63553113553114,194.5,-9.166666666666657
308,DAopto-01,DAopto-01 Apr05 14:04,432.0,Aud_Psycho,True,Right,tStr,Left,Center,True,65.63553113553114,199.5,-6.785714285714278
309,DAopto-01,DAopto-01 Apr05 14:04,432.0,Aud_Psycho,True,Right,tStr,Left,Center,True,65.63553113553114,204.5,3.9285714285714306
310,DAopto-01,DAopto-01 Apr05 14:04,432.0,Aud_Psycho,True,Right,tStr,Left,Center,True,65.63553113553114,209.5,9.880952380952387
311,DAopto-01,DAopto-01 Apr05 14:04,432.0,Aud_Psycho,True,Right,tStr,Left,Center,True,65.63553113553114,214.5,3.9285714285714377
312,DAopto-01,DAopto-01 Apr05 14:04,432.0,Aud_Psycho,True,Right,tStr,Left,Center,True,65.63553113553114,219.5,1.0374149659864003
313,DAopto-01,DAopto-01 Apr05 14:04,432.0,Aud_Psycho,True,Right,tStr,Left,Center,True,65.63553113553114,224.5,10.357142857142868
314,DAopto-01,DAopto-01 Apr05 14:04,432.0,Aud_Psycho,True,Right,tStr,Left,Center,True,65.63553113553114,229.5,-3.214285714285708
315,DAopto-01,DAopto-01 Apr05 14:04,432.0,Aud_Psycho,True,Right,tStr,Left,Center,True,65.63553113553114,234.5,-25.83333333333333
316,DAopto-01,DAopto-01 Apr05 14:04,432.0,Aud_Psycho,True,Right,tStr,Left,Center,True,65.63553113553114,239.5,-31.785714285714263
317,DAopto-01,DAopto-01 Apr05 14:04,432.0,Aud_Psycho,True,Right,tStr,Left,Center,True,65.63553113553114,244.5,-32.380952380952365
318,DAopto-01,DAopto-01 Apr05 14:04,432.0,Aud_Psycho,True,Right,tStr,Left,Center,True,65.63553113553114,249.5,-27.02380952380952
319,DAopto-01,DAopto-01 Apr05 14:04,432.0,Aud_Psycho,True,Right,tStr,Left,Center,True,65.63553113553114,254.5,-18.6111111111111
320,DAopto-01,DAopto-01 Apr05 14:04,432.0,Aud_Psycho,True,Right,tStr,Left,Center,True,65.63553113553114,259.5,-6.547619047619037
321,DAopto-01,DAopto-01 Apr05 14:04,432.0,Aud_Psycho,True,Right,tStr,Left,Center,True,65.63553113553114,264.5,3.9285714285714377
322,DAopto-01,DAopto-01 Apr05 14:04,432.0,Aud_Psycho,True,Right,tStr,Left,Center,True,65.63553113553114,269.5,5.799319727891167
323,DAopto-01,DAopto-01 Apr05 14:04,432.0,Aud_Psycho,True,Right,tStr,Left,Center,True,65.63553113553114,274.5,6.309523809523817
324,DAopto-01,DAopto-01 Apr05 14:04,432.0,Aud_Psycho,True,Right,tStr,Left,Center,True,65.63553113553114,279.5,-0.8333333333333286
325,DAopto-01,DAopto-01 Apr05 14:04,432.0,Aud_Psycho,True,Right,tStr,Left,Center,True,65.63553113553114,284.5,3.452380952380956
326,DAopto-01,DAopto-01 Apr05 14:04,432.0,Aud_Psycho,True,Right,tStr,Left,Center,True,65.63553113553114,289.5,0.595238095238102
327,DAopto-01,DAopto-01 Apr05 14:04,432.0,Aud_Psycho,True,Right,tStr,Left,Center,True,65.63553113553114,294.5,-7.023809523809518
328,DAopto-01,DAopto-01 Apr05 14:04,432.0,Aud_Psycho,True,Right,tStr,Left,Center,True,65.63553113553114,299.5,-6.3888888888888715
329,DAopto-01,DAopto-01 Apr05 14:04,432.0,Aud_Psycho,True,Right,tStr,Left,Center,True,65.63553113553114,304.5,0.3571428571428612
330,DAopto-01,DAopto-01 Apr05 14:04,432.0,Aud_Psycho,True,Right,tStr,Left,Center,True,65.63553113553114,309.5,-0.8333333333333286
331,DAopto-01,DAopto-01 Apr05 14:04,432.0,Aud_Psycho,True,Right,tStr,Left,Center,True,65.63553113553114,314.5,4.583333333333343
332,DAopto-01,DAopto-01 Apr05 14:04,432.0,Aud_Psycho,True,Right,tStr,Left,Center,True,65.63553113553114,319.5,3.095238095238102
333,DAopto-01,DAopto-01 Apr05 14:04,432.0,Aud_Psycho,True,Right,tStr,Left,Center,True,65.63553113553114,324.5,4.1666666666666785
334,DAopto-01,DAopto-01 Apr05 14:04,432.0,Aud_Psycho,True,Right,tStr,Left,Center,True,65.63553113553114,329.5,2.500000000000007
335,DAopto-01,DAopto-01 Apr05 14:04,432.0,Aud_Psycho,True,Right,tStr,Left,Center,True,65.63553113553114,334.5,4.722222222222236
336,DAopto-01,DAopto-01 Apr05 14:04,432.0,Aud_Psycho,True,Right,tStr,Left,Center,True,65.63553113553114,339.5,3.452380952380956
337,DAopto-01,DAopto-01 Apr05 14:04,432.0,Aud_Psycho,True,Right,tStr,Left,Center,True,65.63553113553114,344.5,3.9285714285714306
338,DAopto-01,DAopto-01 Apr05 14:04,432.0,Aud_Psycho,True,Right,tStr,Left,Center,True,65.63553113553114,349.5,-0.8333333333333144
339,DAopto-01,DAopto-01 Apr05 14:04,432.0,Aud_Psycho,True,Right,tStr,Left,Center,True,65.63553113553114,354.5,2.142857142857153
340,DAopto-01,DAopto-01 Apr05 14:04,432.0,Aud_Psycho,True,Right,tStr,Left,Center,True,65.63553113553114,359.5,-5.833333333333329
341,DAopto-01,DAopto-01 Apr05 14:04,432.0,Aud_Psycho,True,Right,tStr,Left,Center,True,65.63553113553114,364.5,-7.5793650793650755
342,DAopto-01,DAopto-01 Apr05 14:04,432.0,Aud_Psycho,True,Right,tStr,Left,Center,True,65.63553113553114,369.5,-10.555555555555543
343,DAopto-01,DAopto-01 Apr05 14:04,432.0,Aud_Psycho,True,Right,tStr,Left,Center,True,65.63553113553114,374.5,-8.6111111111111
344,DAopto-01,DAopto-01 Apr05 14:04,432.0,Aud_Psycho,True,Right,tStr,Left,Center,True,65.63553113553114,379.5,-5.595238095238088
345,DAopto-01,DAopto-01 Apr05 14:04,432.0,Aud_Psycho,True,Right,tStr,Left,Center,True,65.63553113553114,384.5,-7.976190476190482
346,DAopto-01,DAopto-01 Apr05 14:04,432.0,Aud_Psycho,True,Right,tStr,Left,Center,True,65.63553113553114,389.5,-1.309523809523796
347,DAopto-01,DAopto-01 Apr05 14:04,432.0,Aud_Psycho,True,Right,tStr,Left,Center,True,65.63553113553114,394.5,10.277777777777779
348,DAopto-01,DAopto-01 Apr05 14:04,432.0,Aud_Psycho,True,Right,tStr,Left,Center,True,65.63553113553114,399.5,0.3571428571428612
349,DAopto-01,DAopto-01 Apr05 14:04,432.0,Aud_Psycho,True,Right,tStr,Left,Center,True,65.63553113553114,404.5,16.649659863945587
350,DAopto-01,DAopto-01 Apr05 14:04,432.0,Aud_Psycho,True,Right,tStr,Left,Center,True,65.63553113553114,409.5,0.8333333333333428
351,DAopto-01,DAopto-01 Apr05 14:04,432.0,Aud_Psycho,True,Right,tStr,Left,Center,True,65.63553113553114,414.5,0.8333333333333428
352,DAopto-01,DAopto-01 Apr05 14:04,432.0,Aud_Psycho,True,Right,tStr,Left,Center,True,65.63553113553114,419.5,1.547619047619051
455,DAopto-01,merge,616.0,merge,True,Left,tStr,Right,Center,True,,75.5,0.0
456,DAopto-01,merge,616.0,merge,True,Left,tStr,Right,Center,True,,149.5,11.17790239050272
457,DAopto-01,merge,616.0,merge,True,Left,tStr,Right,Center,True,,154.5,7.011235723836052
458,DAopto-01,merge,616.0,merge,True,Left,tStr,Right,Center,True,,159.5,6.892188104788435
459,DAopto-01,merge,616.0,merge,True,Left,tStr,Right,Center,True,,164.5,14.749330961931296
460,DAopto-01,merge,616.0,merge,True,Left,tStr,Right,Center,True,,169.5,16.29695000955034
461,DAopto-01,merge,616.0,merge,True,Left,tStr,Right,Center,True,,174.5,24.154092866693194
462,DAopto-01,merge,616.0,merge,True,Left,tStr,Right,Center,True,,179.5,27.36837858097891
463,DAopto-01,merge,616.0,merge,True,Left,tStr,Right,Center,True,,184.5,21.77314048574082
464,DAopto-01,merge,616.0,merge,True,Left,tStr,Right,Center,True,,189.5,22.844569057169384
465,DAopto-01,merge,616.0,merge,True,Left,tStr,Right,Center,True,,194.5,21.296950009550333
466,DAopto-01,merge,616.0,merge,True,Left,tStr,Right,Center,True,,199.5,12.130283342883665
467,DAopto-01,merge,616.0,merge,True,Left,tStr,Right,Center,True,,204.5,6.654092866693194
468,DAopto-01,merge,616.0,merge,True,Left,tStr,Right,Center,True,,209.5,4.273140485740811
469,DAopto-01,merge,616.0,merge,True,Left,tStr,Right,Center,True,,214.5,4.173934136534466
470,DAopto-01,merge,616.0,merge,True,Left,tStr,Right,Center,True,,219.5,7.22948969209002
471,DAopto-01,merge,616.0,merge,True,Left,tStr,Right,Center,True,,224.5,8.658061120661444
472,DAopto-01,merge,616.0,merge,True,Left,tStr,Right,Center,True,,229.5,13.499330961931289
473,DAopto-01,merge,616.0,merge,True,Left,tStr,Right,Center,True,,234.5,11.245929601387068
474,DAopto-01,merge,616.0,merge,True,Left,tStr,Right,Center,True,,239.5,11.346553184153514
475,DAopto-01,merge,616.0,merge,True,Left,tStr,Right,Center,True,,244.5,2.3782992158995384
476,DAopto-01,merge,616.0,merge,True,Left,tStr,Right,Center,True,,249.5,13.142188104788435
477,DAopto-01,merge,616.0,merge,True,Left,tStr,Right,Center,True,,254.5,14.035045247645574
478,DAopto-01,merge,616.0,merge,True,Left,tStr,Right,Center,True,,259.5,8.677902390502716
479,DAopto-01,merge,616.0,merge,True,Left,tStr,Right,Center,True,,264.5,5.463616676217001
480,DAopto-01,merge,616.0,merge,True,Left,tStr,Right,Center,True,,269.5,7.368378580978913
481,DAopto-01,merge,616.0,merge,True,Left,tStr,Right,Center,True,,274.5,4.7493309619312924
482,DAopto-01,merge,616.0,merge,True,Left,tStr,Right,Center,True,,279.5,4.630283342883672
483,DAopto-01,merge,616.0,merge,True,Left,tStr,Right,Center,True,,284.5,-6.713254072082314
484,DAopto-01,merge,616.0,merge,True,Left,tStr,Right,Center,True,,289.5,2.5724602136319703
485,DAopto-01,merge,616.0,merge,True,Left,tStr,Right,Center,True,,294.5,-2.6316214190210907
486,DAopto-01,merge,616.0,merge,True,Left,tStr,Right,Center,True,,299.5,7.368378580978909
487,DAopto-01,merge,616.0,merge,True,Left,tStr,Right,Center,True,,304.5,5.7017119143122414
488,DAopto-01,merge,616.0,merge,True,Left,tStr,Right,Center,True,,309.5,9.834364975536737
489,DAopto-01,merge,616.0,merge,True,Left,tStr,Right,Center,True,,314.5,10.276541846285038
490,DAopto-01,merge,616.0,merge,True,Left,tStr,Right,Center,True,,319.5,20.29354864900611
491,DAopto-01,merge,616.0,merge,True,Left,tStr,Right,Center,True,,324.5,14.491394453994786
492,DAopto-01,merge,616.0,merge,True,Left,tStr,Right,Center,True,,329.5,14.511235723836055
493,DAopto-01,merge,616.0,merge,True,Left,tStr,Right,Center,True,,334.5,10.820759533359865
494,DAopto-01,merge,616.0,merge,True,Left,tStr,Right,Center,True,,339.5,5.344569057169387
495,DAopto-01,merge,616.0,merge,True,Left,tStr,Right,Center,True,,344.5,-3.2268595142591856
496,DAopto-01,merge,616.0,merge,True,Left,tStr,Right,Center,True,,349.5,-5.250669038068711
497,DAopto-01,merge,616.0,merge,True,Left,tStr,Right,Center,True,,354.5,-10.369716657116328
498,DAopto-01,merge,616.0,merge,True,Left,tStr,Right,Center,True,,359.5,-10.74386631698027
499,DAopto-01,merge,616.0,merge,True,Left,tStr,Right,Center,True,,364.5,-10.607811895211569
500,DAopto-01,merge,616.0,merge,True,Left,tStr,Right,Center,True,,369.5,-6.798288085687762
501,DAopto-01,merge,616.0,merge,True,Left,tStr,Right,Center,True,,374.5,-2.750669038068711
502,DAopto-01,merge,616.0,merge,True,Left,tStr,Right,Center,True,,379.5,3.133684703427889
503,DAopto-01,merge,616.0,merge,True,Left,tStr,Right,Center,True,,384.5,2.3683785809789093
504,DAopto-01,merge,616.0,merge,True,Left,tStr,Right,Center,True,,389.5,6.832664295264625
505,DAopto-01,merge,616.0,merge,True,Left,tStr,Right,Center,True,,394.5,11.654092866693198
506,DAopto-01,merge,616.0,merge,True,Left,tStr,Right,Center,True,,399.5,14.352505565105897
507,DAopto-01,merge,616.0,merge,True,Left,tStr,Right,Center,True,,404.5,17.328696041296364
508,DAopto-01,merge,616.0,merge,True,Left,tStr,Right,Center,True,,409.5,10.03844660818979
509,DAopto-01,merge,616.0,merge,True,Left,tStr,Right,Center,True,,414.5,6.535045247645577
510,DAopto-01,merge,616.0,merge,True,Left,tStr,Right,Center,True,,419.5,11.931870644470973
511,DAopto-01,merge,616.0,merge,True,Left,tStr,Right,Center,True,,424.5,21.0588547714551
512,DAopto-01,merge,616.0,merge,True,Left,tStr,Right,Center,True,,429.5,21.654092866693194
513,DAopto-01,merge,616.0,merge,True,Left,tStr,Right,Center,True,,434.5,19.332664295264625
514,DAopto-01,merge,616.0,merge,True,Left,tStr,Right,Center,True,,439.5,20.820759533359873
515,DAopto-01,merge,616.0,merge,True,Left,tStr,Right,Center,True,,444.5,5.820759533359858
516,DAopto-01,merge,616.0,merge,True,Left,tStr,Right,Center,True,,449.5,13.67790239050272
517,DAopto-01,merge,616.0,merge,True,Left,tStr,Right,Center,True,,454.5,8.473820757849655
518,DAopto-01,merge,616.0,merge,True,Left,tStr,Right,Center,True,,459.5,12.60647381907415
519,DAopto-01,merge,616.0,merge,True,Left,tStr,Right,Center,True,,464.5,17.130283342883672
520,DAopto-01,merge,616.0,merge,True,Left,tStr,Right,Center,True,,469.5,15.10647381907415
521,DAopto-01,merge,616.0,merge,True,Left,tStr,Right,Center,True,,474.5,13.439807152407479
522,DAopto-01,merge,616.0,merge,True,Left,tStr,Right,Center,True,,479.5,9.273140485740822
523,DAopto-01,merge,616.0,merge,True,Left,tStr,Right,Center,True,,484.5,5.701711914312245
524,DAopto-01,merge,616.0,merge,True,Left,tStr,Right,Center,True,,489.5,-0.1316214190210907
525,DAopto-01,DAopto-01 Apr07 12:50,726.0,Aud_Psycho,True,Left,tStr,Right,Center,True,63.09780657130888,494.5,-3.33294608165847
526,DAopto-01,DAopto-01 Apr07 12:50,726.0,Aud_Psycho,True,Left,tStr,Right,Center,True,63.09780657130888,499.5,-10.237707986420375
527,DAopto-01,DAopto-01 Apr07 12:50,726.0,Aud_Psycho,True,Left,tStr,Right,Center,True,63.09780657130888,504.5,1.6670539183415443
528,DAopto-01,DAopto-01 Apr07 12:50,726.0,Aud_Psycho,True,Left,tStr,Right,Center,True,63.09780657130888,509.5,-3.5710413197537036
529,DAopto-01,DAopto-01 Apr07 12:50,726.0,Aud_Psycho,True,Left,tStr,Right,Center,True,63.09780657130888,514.5,3.5718158231034423
530,DAopto-01,DAopto-01 Apr07 12:50,726.0,Aud_Psycho,True,Left,tStr,Right,Center,True,63.09780657130888,519.5,8.333720585008201
531,DAopto-01,DAopto-01 Apr07 12:50,726.0,Aud_Psycho,True,Left,tStr,Right,Center,True,63.09780657130888,524.5,11.190863442151063
532,DAopto-01,DAopto-01 Apr07 12:50,726.0,Aud_Psycho,True,Left,tStr,Right,Center,True,63.09780657130888,529.5,8.333720585008201
533,DAopto-01,DAopto-01 Apr07 12:50,726.0,Aud_Psycho,True,Left,tStr,Right,Center,True,63.09780657130888,534.5,8.843924666640852
534,DAopto-01,DAopto-01 Apr07 12:50,726.0,Aud_Psycho,True,Left,tStr,Right,Center,True,63.09780657130888,539.5,5.952768204055822
535,DAopto-01,DAopto-01 Apr07 12:50,726.0,Aud_Psycho,True,Left,tStr,Right,Center,True,63.09780657130888,544.5,2.0071899727633067
536,DAopto-01,DAopto-01 Apr07 12:50,726.0,Aud_Psycho,True,Left,tStr,Right,Center,True,63.09780657130888,549.5,8.673856639429978
537,DAopto-01,DAopto-01 Apr07 12:50,726.0,Aud_Psycho,True,Left,tStr,Right,Center,True,63.09780657130888,554.5,4.405149156436771
538,DAopto-01,DAopto-01 Apr07 12:50,726.0,Aud_Psycho,True,Left,tStr,Right,Center,True,63.09780657130888,559.5,8.333720585008201
539,DAopto-01,DAopto-01 Apr07 12:50,726.0,Aud_Psycho,True,Left,tStr,Right,Center,True,63.09780657130888,564.5,2.3813396326272525
540,DAopto-01,DAopto-01 Apr07 12:50,726.0,Aud_Psycho,True,Left,tStr,Right,Center,True,63.09780657130888,569.5,9.28610153738915
541,DAopto-01,DAopto-01 Apr07 12:50,726.0,Aud_Psycho,True,Left,tStr,Right,Center,True,63.09780657130888,574.5,7.619434870722479
542,DAopto-01,DAopto-01 Apr07 12:50,726.0,Aud_Psycho,True,Left,tStr,Right,Center,True,63.09780657130888,579.5,0.5105913333075165
543,DAopto-01,DAopto-01 Apr07 12:50,726.0,Aud_Psycho,True,Left,tStr,Right,Center,True,63.09780657130888,584.5,-15.872628621341008
544,DAopto-01,DAopto-01 Apr07 12:50,726.0,Aud_Psycho,True,Left,tStr,Right,Center,True,63.09780657130888,589.5,-4.047231795944185
545,DAopto-01,DAopto-01 Apr07 12:50,726.0,Aud_Psycho,True,Left,tStr,Right,Center,True,63.09780657130888,594.5,11.190863442151063
546,DAopto-01,DAopto-01 Apr07 12:50,726.0,Aud_Psycho,True,Left,tStr,Right,Center,True,63.09780657130888,599.5,14.524196775484377
547,DAopto-01,DAopto-01 Apr07 12:50,726.0,Aud_Psycho,True,Left,tStr,Right,Center,True,63.09780657130888,604.5,26.190863442151063
548,DAopto-01,DAopto-01 Apr07 12:50,726.0,Aud_Psycho,True,Left,tStr,Right,Center,True,63.09780657130888,609.5,26.190863442151063
549,DAopto-01,DAopto-01 Apr07 12:50,726.0,Aud_Psycho,True,Left,tStr,Right,Center,True,63.09780657130888,614.5,20.2384824897701
550,DAopto-01,DAopto-01 Apr07 12:50,726.0,Aud_Psycho,True,Left,tStr,Right,Center,True,63.09780657130888,619.5,13.294038045325657
551,DAopto-01,DAopto-01 Apr07 12:50,726.0,Aud_Psycho,True,Left,tStr,Right,Center,True,63.09780657130888,624.5,5.952768204055822
552,DAopto-01,DAopto-01 Apr07 12:50,726.0,Aud_Psycho,True,Left,tStr,Right,Center,True,63.09780657130888,629.5,-7.142469891182273
553,DAopto-01,DAopto-01 Apr07 12:50,726.0,Aud_Psycho,True,Left,tStr,Right,Center,True,63.09780657130888,634.5,4.405149156436771
554,DAopto-01,DAopto-01 Apr07 12:50,726.0,Aud_Psycho,True,Left,tStr,Right,Center,True,63.09780657130888,639.5,0.23848248977010655
555,DAopto-01,DAopto-01 Apr07 12:50,726.0,Aud_Psycho,True,Left,tStr,Right,Center,True,63.09780657130888,644.5,9.524196775484391
556,DAopto-01,DAopto-01 Apr07 12:50,726.0,Aud_Psycho,True,Left,tStr,Right,Center,True,63.09780657130888,649.5,6.292904258477584
557,DAopto-01,DAopto-01 Apr07 12:50,726.0,Aud_Psycho,True,Left,tStr,Right,Center,True,63.09780657130888,654.5,8.333720585008201
558,DAopto-01,DAopto-01 Apr07 12:50,726.0,Aud_Psycho,True,Left,tStr,Right,Center,True,63.09780657130888,659.5,4.762292013579632
559,DAopto-01,DAopto-01 Apr07 12:50,726.0,Aud_Psycho,True,Left,tStr,Right,Center,True,63.09780657130888,664.5,-9.285327034039419
560,DAopto-01,DAopto-01 Apr07 12:50,726.0,Aud_Psycho,True,Left,tStr,Right,Center,True,63.09780657130888,669.5,-19.7615175102299
561,DAopto-01,DAopto-01 Apr07 12:50,726.0,Aud_Psycho,True,Left,tStr,Right,Center,True,63.09780657130888,674.5,-17.856755605467995
562,DAopto-01,DAopto-01 Apr07 12:50,726.0,Aud_Psycho,True,Left,tStr,Right,Center,True,63.09780657130888,679.5,-14.285327034039426
563,DAopto-01,DAopto-01 Apr07 12:50,726.0,Aud_Psycho,True,Left,tStr,Right,Center,True,63.09780657130888,684.5,-14.285327034039426
564,DAopto-01,DAopto-01 Apr07 12:50,726.0,Aud_Psycho,True,Left,tStr,Right,Center,True,63.09780657130888,689.5,-14.047231795944185
565,DAopto-01,DAopto-01 Apr07 12:50,726.0,Aud_Psycho,True,Left,tStr,Right,Center,True,63.09780657130888,694.5,-7.652673972814931
566,DAopto-01,DAopto-01 Apr07 12:50,726.0,Aud_Psycho,True,Left,tStr,Right,Center,True,63.09780657130888,699.5,-20.747912068053026
567,DAopto-01,DAopto-01 Apr07 12:50,726.0,Aud_Psycho,True,Left,tStr,Right,Center,True,63.09780657130888,704.5,-40.31707306578545
568,DAopto-01,DAopto-01 Apr07 12:50,726.0,Aud_Psycho,True,Left,tStr,Right,Center,True,63.09780657130888,709.5,-38.33294608165846
1181,DAopto-02,DAopto-02 Apr05 14:11,826.0,Aud_Psycho,True,Left,tStr,Right,Center,True,47.00719189277542,75.5,0.0
1182,DAopto-02,DAopto-02 Apr05 14:11,826.0,Aud_Psycho,True,Left,tStr,Right,Center,True,47.00719189277542,149.5,34.05797101449275
1183,DAopto-02,DAopto-02 Apr05 14:11,826.0,Aud_Psycho,True,Left,tStr,Right,Center,True,47.00719189277542,154.5,40.72463768115942
1184,DAopto-02,DAopto-02 Apr05 14:11,826.0,Aud_Psycho,True,Left,tStr,Right,Center,True,47.00719189277542,159.5,36.20082815734989
1185,DAopto-02,DAopto-02 Apr05 14:11,826.0,Aud_Psycho,True,Left,tStr,Right,Center,True,47.00719189277542,164.5,42.550034506556244
1186,DAopto-02,DAopto-02 Apr05 14:11,826.0,Aud_Psycho,True,Left,tStr,Right,Center,True,47.00719189277542,169.5,42.74844720496894
1187,DAopto-02,DAopto-02 Apr05 14:11,826.0,Aud_Psycho,True,Left,tStr,Right,Center,True,47.00719189277542,174.5,32.45933155871043
1188,DAopto-02,DAopto-02 Apr05 14:11,826.0,Aud_Psycho,True,Left,tStr,Right,Center,True,47.00719189277542,179.5,44.53416149068322
1189,DAopto-02,DAopto-02 Apr05 14:11,826.0,Aud_Psycho,True,Left,tStr,Right,Center,True,47.00719189277542,184.5,37.86749482401656
1190,DAopto-02,DAopto-02 Apr05 14:11,826.0,Aud_Psycho,True,Left,tStr,Right,Center,True,47.00719189277542,189.5,25.24844720496894
1191,DAopto-02,DAopto-02 Apr05 14:11,826.0,Aud_Psycho,True,Left,tStr,Right,Center,True,47.00719189277542,194.5,29.534161490683232
1192,DAopto-02,DAopto-02 Apr05 14:11,826.0,Aud_Psycho,True,Left,tStr,Right,Center,True,47.00719189277542,199.5,26.43892339544513
1193,DAopto-02,DAopto-02 Apr05 14:11,826.0,Aud_Psycho,True,Left,tStr,Right,Center,True,47.00719189277542,204.5,21.91511387163561
1194,DAopto-02,DAopto-02 Apr05 14:11,826.0,Aud_Psycho,True,Left,tStr,Right,Center,True,47.00719189277542,209.5,11.20082815734989
1195,DAopto-02,DAopto-02 Apr05 14:11,826.0,Aud_Psycho,True,Left,tStr,Right,Center,True,47.00719189277542,214.5,15.248447204968933
1196,DAopto-02,DAopto-02 Apr05 14:11,826.0,Aud_Psycho,True,Left,tStr,Right,Center,True,47.00719189277542,219.5,15.486542443064174
1197,DAopto-02,DAopto-02 Apr05 14:11,826.0,Aud_Psycho,True,Left,tStr,Right,Center,True,47.00719189277542,224.5,6.200828157349896
1198,DAopto-02,DAopto-02 Apr05 14:11,826.0,Aud_Psycho,True,Left,tStr,Right,Center,True,47.00719189277542,229.5,-9.037267080745345
1199,DAopto-02,DAopto-02 Apr05 14:11,826.0,Aud_Psycho,True,Left,tStr,Right,Center,True,47.00719189277542,234.5,-6.894409937888199
1200,DAopto-02,DAopto-02 Apr05 14:11,826.0,Aud_Psycho,True,Left,tStr,Right,Center,True,47.00719189277542,239.5,-4.989648033126294
1201,DAopto-02,DAopto-02 Apr05 14:11,826.0,Aud_Psycho,True,Left,tStr,Right,Center,True,47.00719189277542,244.5,-7.37060041407868
1202,DAopto-02,DAopto-02 Apr05 14:11,826.0,Aud_Psycho,True,Left,tStr,Right,Center,True,47.00719189277542,249.5,-6.996450754214727
1203,DAopto-02,DAopto-02 Apr05 14:11,826.0,Aud_Psycho,True,Left,tStr,Right,Center,True,47.00719189277542,254.5,19.05797101449275
1204,DAopto-02,DAopto-02 Apr05 14:11,826.0,Aud_Psycho,True,Left,tStr,Right,Center,True,47.00719189277542,259.5,25.24844720496894
1205,DAopto-02,DAopto-02 Apr05 14:11,826.0,Aud_Psycho,True,Left,tStr,Right,Center,True,47.00719189277542,264.5,20.962732919254663
1206,DAopto-02,DAopto-02 Apr05 14:11,826.0,Aud_Psycho,True,Left,tStr,Right,Center,True,47.00719189277542,269.5,23.343685300207042
1207,DAopto-02,DAopto-02 Apr05 14:11,826.0,Aud_Psycho,True,Left,tStr,Right,Center,True,47.00719189277542,274.5,32.15320910973085
1208,DAopto-02,DAopto-02 Apr05 14:11,826.0,Aud_Psycho,True,Left,tStr,Right,Center,True,47.00719189277542,279.5,28.58178053830227
1209,DAopto-02,DAopto-02 Apr05 14:11,826.0,Aud_Psycho,True,Left,tStr,Right,Center,True,47.00719189277542,284.5,30.24844720496894
1210,DAopto-02,DAopto-02 Apr05 14:11,826.0,Aud_Psycho,True,Left,tStr,Right,Center,True,47.00719189277542,289.5,27.86749482401656
1211,DAopto-02,DAopto-02 Apr05 14:11,826.0,Aud_Psycho,True,Left,tStr,Right,Center,True,47.00719189277542,294.5,21.91511387163561
1212,DAopto-02,DAopto-02 Apr05 14:11,826.0,Aud_Psycho,True,Left,tStr,Right,Center,True,47.00719189277542,299.5,16.756383712905446
1213,DAopto-02,DAopto-02 Apr05 14:11,826.0,Aud_Psycho,True,Left,tStr,Right,Center,True,47.00719189277542,304.5,10.407177363699091
1214,DAopto-02,DAopto-02 Apr05 14:11,826.0,Aud_Psycho,True,Left,tStr,Right,Center,True,47.00719189277542,309.5,13.145272601794332
1215,DAopto-02,DAopto-02 Apr05 14:11,826.0,Aud_Psycho,True,Left,tStr,Right,Center,True,47.00719189277542,314.5,14.57384403036577
1216,DAopto-02,DAopto-02 Apr05 14:11,826.0,Aud_Psycho,True,Left,tStr,Right,Center,True,47.00719189277542,319.5,18.70082815734989
1217,DAopto-02,DAopto-02 Apr05 14:11,826.0,Aud_Psycho,True,Left,tStr,Right,Center,True,47.00719189277542,324.5,23.70082815734989
1218,DAopto-02,DAopto-02 Apr05 14:11,826.0,Aud_Psycho,True,Left,tStr,Right,Center,True,47.00719189277542,329.5,25.089717046238775
1219,DAopto-02,DAopto-02 Apr05 14:11,826.0,Aud_Psycho,True,Left,tStr,Right,Center,True,47.00719189277542,334.5,20.0103519668737
1220,DAopto-02,DAopto-02 Apr05 14:11,826.0,Aud_Psycho,True,Left,tStr,Right,Center,True,47.00719189277542,339.5,10.724637681159415
1221,DAopto-02,DAopto-02 Apr05 14:11,826.0,Aud_Psycho,True,Left,tStr,Right,Center,True,47.00719189277542,344.5,8.105590062111801
1222,DAopto-02,DAopto-02 Apr05 14:11,826.0,Aud_Psycho,True,Left,tStr,Right,Center,True,47.00719189277542,349.5,-3.3229813664596293
1223,DAopto-02,DAopto-02 Apr05 14:11,826.0,Aud_Psycho,True,Left,tStr,Right,Center,True,47.00719189277542,354.5,7.62939958592132
1224,DAopto-02,DAopto-02 Apr05 14:11,826.0,Aud_Psycho,True,Left,tStr,Right,Center,True,47.00719189277542,359.5,11.796066252587991
1225,DAopto-02,DAopto-02 Apr05 14:11,826.0,Aud_Psycho,True,Left,tStr,Right,Center,True,47.00719189277542,364.5,19.87429754510501
1226,DAopto-02,DAopto-02 Apr05 14:11,826.0,Aud_Psycho,True,Left,tStr,Right,Center,True,47.00719189277542,369.5,30.962732919254663
1227,DAopto-02,DAopto-02 Apr05 14:11,826.0,Aud_Psycho,True,Left,tStr,Right,Center,True,47.00719189277542,374.5,40.36749482401656
1228,DAopto-02,DAopto-02 Apr05 14:11,826.0,Aud_Psycho,True,Left,tStr,Right,Center,True,47.00719189277542,379.5,35.0103519668737
1229,DAopto-02,DAopto-02 Apr05 14:11,826.0,Aud_Psycho,True,Left,tStr,Right,Center,True,47.00719189277542,384.5,40.96273291925466
1230,DAopto-02,DAopto-02 Apr05 14:11,826.0,Aud_Psycho,True,Left,tStr,Right,Center,True,47.00719189277542,389.5,39.53416149068323
1231,DAopto-02,DAopto-02 Apr05 14:11,826.0,Aud_Psycho,True,Left,tStr,Right,Center,True,47.00719189277542,394.5,38.97860593512769
1232,DAopto-02,DAopto-02 Apr05 14:11,826.0,Aud_Psycho,True,Left,tStr,Right,Center,True,47.00719189277542,399.5,26.677018633540385
1233,DAopto-02,DAopto-02 Apr05 14:11,826.0,Aud_Psycho,True,Left,tStr,Right,Center,True,47.00719189277542,404.5,26.677018633540385
1234,DAopto-02,DAopto-02 Apr05 14:11,826.0,Aud_Psycho,True,Left,tStr,Right,Center,True,47.00719189277542,409.5,30.962732919254663
1235,DAopto-02,DAopto-02 Apr05 14:11,826.0,Aud_Psycho,True,Left,tStr,Right,Center,True,47.00719189277542,414.5,33.819875776397524
1236,DAopto-02,DAopto-02 Apr05 14:11,826.0,Aud_Psycho,True,Left,tStr,Right,Center,True,47.00719189277542,419.5,26.43892339544513
1237,DAopto-02,DAopto-02 Apr05 14:11,826.0,Aud_Psycho,True,Left,tStr,Right,Center,True,47.00719189277542,424.5,29.77225672877846
1238,DAopto-02,DAopto-02 Apr05 14:11,826.0,Aud_Psycho,True,Left,tStr,Right,Center,True,47.00719189277542,429.5,28.58178053830227
1239,DAopto-02,DAopto-02 Apr05 14:11,826.0,Aud_Psycho,True,Left,tStr,Right,Center,True,47.00719189277542,434.5,39.77225672877846
1240,DAopto-02,DAopto-02 Apr05 14:11,826.0,Aud_Psycho,True,Left,tStr,Right,Center,True,47.00719189277542,439.5,45.72463768115942
1241,DAopto-02,DAopto-02 Apr05 14:11,826.0,Aud_Psycho,True,Left,tStr,Right,Center,True,47.00719189277542,444.5,52.86749482401656
1242,DAopto-02,DAopto-02 Apr05 14:11,826.0,Aud_Psycho,True,Left,tStr,Right,Center,True,47.00719189277542,449.5,48.105590062111816
1243,DAopto-02,DAopto-02 Apr05 14:11,826.0,Aud_Psycho,True,Left,tStr,Right,Center,True,47.00719189277542,454.5,48.105590062111816
1244,DAopto-02,DAopto-02 Apr05 14:11,826.0,Aud_Psycho,True,Left,tStr,Right,Center,True,47.00719189277542,459.5,40.96273291925465
1245,DAopto-02,DAopto-02 Apr05 14:11,826.0,Aud_Psycho,True,Left,tStr,Right,Center,True,47.00719189277542,464.5,43.34368530020704
1246,DAopto-02,DAopto-02 Apr05 14:11,826.0,Aud_Psycho,True,Left,tStr,Right,Center,True,47.00719189277542,469.5,37.03416149068323
1247,DAopto-02,DAopto-02 Apr05 14:11,826.0,Aud_Psycho,True,Left,tStr,Right,Center,True,47.00719189277542,474.5,46.43892339544513
1248,DAopto-02,DAopto-02 Apr05 14:11,826.0,Aud_Psycho,True,Left,tStr,Right,Center,True,47.00719189277542,479.5,42.86749482401656
1249,DAopto-02,DAopto-02 Apr05 14:11,826.0,Aud_Psycho,True,Left,tStr,Right,Center,True,47.00719189277542,484.5,49.29606625258799
1250,DAopto-02,DAopto-02 Apr05 14:11,826.0,Aud_Psycho,True,Left,tStr,Right,Center,True,47.00719189277542,489.5,46.43892339544513
1251,DAopto-02,DAopto-02 Apr05 14:11,826.0,Aud_Psycho,True,Left,tStr,Right,Center,True,47.00719189277542,494.5,50.0103519668737
1252,DAopto-02,DAopto-02 Apr05 14:11,826.0,Aud_Psycho,True,Left,tStr,Right,Center,True,47.00719189277542,499.5,44.53416149068323
1253,DAopto-02,DAopto-02 Apr05 14:11,826.0,Aud_Psycho,True,Left,tStr,Right,Center,True,47.00719189277542,504.5,44.53416149068322
1254,DAopto-02,DAopto-02 Apr05 14:11,826.0,Aud_Psycho,True,Left,tStr,Right,Center,True,47.00719189277542,509.5,33.819875776397524
1255,DAopto-02,DAopto-02 Apr05 14:11,826.0,Aud_Psycho,True,Left,tStr,Right,Center,True,47.00719189277542,514.5,30.72463768115942
1256,DAopto-02,DAopto-02 Apr05 14:11,826.0,Aud_Psycho,True,Left,tStr,Right,Center,True,47.00719189277542,519.5,37.15320910973085
1257,DAopto-02,DAopto-02 Apr05 14:11,826.0,Aud_Psycho,True,Left,tStr,Right,Center,True,47.00719189277542,524.5,35.36749482401656
1258,DAopto-02,DAopto-02 Apr05 14:11,826.0,Aud_Psycho,True,Left,tStr,Right,Center,True,47.00719189277542,529.5,20.24844720496894
1259,DAopto-02,DAopto-02 Apr05 14:11,826.0,Aud_Psycho,True,Left,tStr,Right,Center,True,47.00719189277542,534.5,18.343685300207042
1260,DAopto-02,DAopto-02 Apr05 14:11,826.0,Aud_Psycho,True,Left,tStr,Right,Center,True,47.00719189277542,539.5,23.81987577639751
1261,DAopto-02,DAopto-02 Apr05 14:11,826.0,Aud_Psycho,True,Left,tStr,Right,Center,True,47.00719189277542,544.5,19.534161490683232
1262,DAopto-02,DAopto-02 Apr05 14:11,826.0,Aud_Psycho,True,Left,tStr,Right,Center,True,47.00719189277542,549.5,29.29606625258799
1263,DAopto-02,DAopto-02 Apr05 14:11,826.0,Aud_Psycho,True,Left,tStr,Right,Center,True,47.00719189277542,554.5,35.72463768115942
1264,DAopto-02,DAopto-02 Apr05 14:11,826.0,Aud_Psycho,True,Left,tStr,Right,Center,True,47.00719189277542,559.5,45.72463768115942
1265,DAopto-02,DAopto-02 Apr05 14:11,826.0,Aud_Psycho,True,Left,tStr,Right,Center,True,47.00719189277542,564.5,42.15320910973085
1266,DAopto-02,DAopto-02 Apr05 14:11,826.0,Aud_Psycho,True,Left,tStr,Right,Center,True,47.00719189277542,569.5,43.58178053830227
1267,DAopto-02,DAopto-02 Apr05 14:11,826.0,Aud_Psycho,True,Left,tStr,Right,Center,True,47.00719189277542,574.5,31.677018633540385
1268,DAopto-02,DAopto-02 Apr05 14:11,826.0,Aud_Psycho,True,Left,tStr,Right,Center,True,47.00719189277542,579.5,23.81987577639751
1269,DAopto-02,DAopto-02 Apr05 14:11,826.0,Aud_Psycho,True,Left,tStr,Right,Center,True,47.00719189277542,584.5,20.24844720496894
1270,DAopto-02,DAopto-02 Apr05 14:11,826.0,Aud_Psycho,True,Left,tStr,Right,Center,True,47.00719189277542,589.5,29.05797101449275
1271,DAopto-02,DAopto-02 Apr05 14:11,826.0,Aud_Psycho,True,Left,tStr,Right,Center,True,47.00719189277542,594.5,34.05797101449275
1272,DAopto-02,DAopto-02 Apr05 14:11,826.0,Aud_Psycho,True,Left,tStr,Right,Center,True,47.00719189277542,599.5,32.827812284334016
1273,DAopto-02,DAopto-02 Apr05 14:11,826.0,Aud_Psycho,True,Left,tStr,Right,Center,True,47.00719189277542,604.5,40.11239278320025
1274,DAopto-02,DAopto-02 Apr05 14:11,826.0,Aud_Psycho,True,Left,tStr,Right,Center,True,47.00719189277542,609.5,23.81987577639751
1275,DAopto-02,DAopto-02 Apr05 14:11,826.0,Aud_Psycho,True,Left,tStr,Right,Center,True,47.00719189277542,614.5,35.248447204968954
1276,DAopto-02,DAopto-02 Apr05 14:11,826.0,Aud_Psycho,True,Left,tStr,Right,Center,True,47.00719189277542,619.5,29.29606625258799
1277,DAopto-02,DAopto-02 Apr05 14:11,826.0,Aud_Psycho,True,Left,tStr,Right,Center,True,47.00719189277542,624.5,22.62939958592132
1278,DAopto-02,DAopto-02 Apr05 14:11,826.0,Aud_Psycho,True,Left,tStr,Right,Center,True,47.00719189277542,629.5,21.67701863354037
1279,DAopto-02,DAopto-02 Apr05 14:11,826.0,Aud_Psycho,True,Left,tStr,Right,Center,True,47.00719189277542,634.5,31.20082815734989
1280,DAopto-02,DAopto-02 Apr05 14:11,826.0,Aud_Psycho,True,Left,tStr,Right,Center,True,47.00719189277542,639.5,21.91511387163561
1281,DAopto-02,DAopto-02 Apr05 14:11,826.0,Aud_Psycho,True,Left,tStr,Right,Center,True,47.00719189277542,644.5,32.629399585921334
1282,DAopto-02,DAopto-02 Apr05 14:11,826.0,Aud_Psycho,True,Left,tStr,Right,Center,True,47.00719189277542,649.5,39.53416149068322
1283,DAopto-02,DAopto-02 Apr05 14:11,826.0,Aud_Psycho,True,Left,tStr,Right,Center,True,47.00719189277542,654.5,30.758651286601605
1284,DAopto-02,DAopto-02 Apr05 14:11,826.0,Aud_Psycho,True,Left,tStr,Right,Center,True,47.00719189277542,659.5,27.86749482401656
1285,DAopto-02,DAopto-02 Apr05 14:11,826.0,Aud_Psycho,True,Left,tStr,Right,Center,True,47.00719189277542,664.5,15.36749482401656
1286,DAopto-02,DAopto-02 Apr05 14:11,826.0,Aud_Psycho,True,Left,tStr,Right,Center,True,47.00719189277542,669.5,1.5069506063294753
1287,DAopto-02,DAopto-02 Apr05 14:11,826.0,Aud_Psycho,True,Left,tStr,Right,Center,True,47.00719189277542,674.5,-3.8785369220151864
1288,DAopto-02,DAopto-02 Apr05 14:11,826.0,Aud_Psycho,True,Left,tStr,Right,Center,True,47.00719189277542,679.5,5.010351966873706
1289,DAopto-02,DAopto-02 Apr05 14:11,826.0,Aud_Psycho,True,Left,tStr,Right,Center,True,47.00719189277542,684.5,-11.656314699792958
1290,DAopto-02,DAopto-02 Apr05 14:11,826.0,Aud_Psycho,True,Left,tStr,Right,Center,True,47.00719189277542,689.5,-14.56107660455487
1291,DAopto-02,DAopto-02 Apr05 14:11,826.0,Aud_Psycho,True,Left,tStr,Right,Center,True,47.00719189277542,694.5,8.145272601794339
1292,DAopto-02,DAopto-02 Apr05 14:11,826.0,Aud_Psycho,True,Left,tStr,Right,Center,True,47.00719189277542,699.5,23.70082815734989
1293,DAopto-02,DAopto-02 Apr05 14:11,826.0,Aud_Psycho,True,Left,tStr,Right,Center,True,47.00719189277542,704.5,20.36749482401656
1294,DAopto-02,DAopto-02 Apr05 14:11,826.0,Aud_Psycho,True,Left,tStr,Right,Center,True,47.00719189277542,709.5,22.534161490683218
1295,DAopto-02,DAopto-02 Apr05 14:11,826.0,Aud_Psycho,True,Left,tStr,Right,Center,True,47.00719189277542,714.5,39.53416149068323
1296,DAopto-02,DAopto-02 Apr05 14:11,826.0,Aud_Psycho,True,Left,tStr,Right,Center,True,47.00719189277542,719.5,32.86749482401656
1297,DAopto-02,DAopto-02 Apr05 14:11,826.0,Aud_Psycho,True,Left,tStr,Right,Center,True,47.00719189277542,724.5,31.43892339544513
1298,DAopto-02,DAopto-02 Apr05 14:11,826.0,Aud_Psycho,True,Left,tStr,Right,Center,True,47.00719189277542,729.5,38.58178053830227
1299,DAopto-02,DAopto-02 Apr05 14:11,826.0,Aud_Psycho,True,Left,tStr,Right,Center,True,47.00719189277542,734.5,40.96273291925466
1300,DAopto-02,DAopto-02 Apr05 14:11,826.0,Aud_Psycho,True,Left,tStr,Right,Center,True,47.00719189277542,739.5,25.72463768115942
1301,DAopto-02,DAopto-02 Apr05 14:11,826.0,Aud_Psycho,True,Left,tStr,Right,Center,True,47.00719189277542,744.5,38.97860593512769
1302,DAopto-02,DAopto-02 Apr05 14:11,826.0,Aud_Psycho,True,Left,tStr,Right,Center,True,47.00719189277542,749.5,37.22123632061519
1303,DAopto-02,DAopto-02 Apr05 14:11,826.0,Aud_Psycho,True,Left,tStr,Right,Center,True,47.00719189277542,754.5,34.057971014492736
1304,DAopto-02,DAopto-02 Apr05 14:11,826.0,Aud_Psycho,True,Left,tStr,Right,Center,True,47.00719189277542,759.5,33.81987577639751
1305,DAopto-02,DAopto-02 Apr05 14:11,826.0,Aud_Psycho,True,Left,tStr,Right,Center,True,47.00719189277542,764.5,32.39130434782609
1306,DAopto-02,DAopto-02 Apr05 14:11,826.0,Aud_Psycho,True,Left,tStr,Right,Center,True,47.00719189277542,769.5,35.0103519668737
1307,DAopto-02,DAopto-02 Apr05 14:11,826.0,Aud_Psycho,True,Left,tStr,Right,Center,True,47.00719189277542,774.5,31.43892339544513
1308,DAopto-02,DAopto-02 Apr05 14:11,826.0,Aud_Psycho,True,Left,tStr,Right,Center,True,47.00719189277542,779.5,46.43892339544513
1309,DAopto-02,DAopto-02 Apr05 14:11,826.0,Aud_Psycho,True,Left,tStr,Right,Center,True,47.00719189277542,784.5,47.25524992605739
1310,DAopto-02,DAopto-02 Apr05 14:11,826.0,Aud_Psycho,True,Left,tStr,Right,Center,True,47.00719189277542,789.5,41.75638371290543
1311,DAopto-02,DAopto-02 Apr05 14:11,826.0,Aud_Psycho,True,Left,tStr,Right,Center,True,47.00719189277542,794.5,32.430986887508624
1312,DAopto-02,DAopto-02 Apr05 14:11,826.0,Aud_Psycho,True,Left,tStr,Right,Center,True,47.00719189277542,799.5,23.81987577639751
1313,DAopto-02,DAopto-02 Apr05 14:11,826.0,Aud_Psycho,True,Left,tStr,Right,Center,True,47.00719189277542,804.5,28.58178053830227
1314,DAopto-02,DAopto-02 Apr05 14:11,826.0,Aud_Psycho,True,Left,tStr,Right,Center,True,47.00719189277542,809.5,31.43892339544513
2229,DAopto-03,merge,658.5,merge,True,Right,tStr,Left,Center,True,,75.5,0.0
2230,DAopto-03,merge,658.5,merge,True,Right,tStr,Left,Center,True,,149.5,-11.435021472656071
2231,DAopto-03,merge,658.5,merge,True,Right,tStr,Left,Center,True,,154.5,-2.149307186941787
2232,DAopto-03,merge,658.5,merge,True,Right,tStr,Left,Center,True,,159.5,1.0649785273439303
2233,DAopto-03,merge,658.5,merge,True,Right,tStr,Left,Center,True,,164.5,-11.236608774243372
2234,DAopto-03,merge,658.5,merge,True,Right,tStr,Left,Center,True,,169.5,-15.278558887622061
2235,DAopto-03,merge,658.5,merge,True,Right,tStr,Left,Center,True,,174.5,-20.12549766313226
2236,DAopto-03,merge,658.5,merge,True,Right,tStr,Left,Center,True,,179.5,-19.887402425037013
2237,DAopto-03,merge,658.5,merge,True,Right,tStr,Left,Center,True,,184.5,-15.125497663132268
2238,DAopto-03,merge,658.5,merge,True,Right,tStr,Left,Center,True,,189.5,-13.373796982860153
2239,DAopto-03,merge,658.5,merge,True,Right,tStr,Left,Center,True,,194.5,-16.31597385360845
2240,DAopto-03,merge,658.5,merge,True,Right,tStr,Left,Center,True,,199.5,-10.125497663132263
2241,DAopto-03,merge,658.5,merge,True,Right,tStr,Left,Center,True,,204.5,-10.5620055996402
2242,DAopto-03,merge,658.5,merge,True,Right,tStr,Left,Center,True,,209.5,-16.692957980592578
2243,DAopto-03,merge,658.5,merge,True,Right,tStr,Left,Center,True,,214.5,-13.260418298052894
2244,DAopto-03,merge,658.5,merge,True,Right,tStr,Left,Center,True,,219.5,-9.649307186941787
2245,DAopto-03,merge,658.5,merge,True,Right,tStr,Left,Center,True,,224.5,-9.431053218687813
2246,DAopto-03,merge,658.5,merge,True,Right,tStr,Left,Center,True,,229.5,-11.71279925043385
2247,DAopto-03,merge,658.5,merge,True,Right,tStr,Left,Center,True,,234.5,-1.1969262345608307
2248,DAopto-03,merge,658.5,merge,True,Right,tStr,Left,Center,True,,239.5,-3.4588309964655917
2249,DAopto-03,merge,658.5,merge,True,Right,tStr,Left,Center,True,,244.5,-4.6493071869417815
2250,DAopto-03,merge,658.5,merge,True,Right,tStr,Left,Center,True,,249.5,-4.649307186941785
2251,DAopto-03,merge,658.5,merge,True,Right,tStr,Left,Center,True,,254.5,-5.244545282179882
2252,DAopto-03,merge,658.5,merge,True,Right,tStr,Left,Center,True,,259.5,-5.95883099646559
2253,DAopto-03,merge,658.5,merge,True,Right,tStr,Left,Center,True,,264.5,-5.244545282179882
2254,DAopto-03,merge,658.5,merge,True,Right,tStr,Left,Center,True,,269.5,4.398311860677262
2255,DAopto-03,merge,658.5,merge,True,Right,tStr,Left,Center,True,,274.5,9.437994400359804
2256,DAopto-03,merge,658.5,merge,True,Right,tStr,Left,Center,True,,279.5,6.898311860677262
2257,DAopto-03,merge,658.5,merge,True,Right,tStr,Left,Center,True,,284.5,9.398311860677264
2258,DAopto-03,merge,658.5,merge,True,Right,tStr,Left,Center,True,,289.5,6.06497852734393
2259,DAopto-03,merge,658.5,merge,True,Right,tStr,Left,Center,True,,294.5,-14.725837799186682
2260,DAopto-03,merge,658.5,merge,True,Right,tStr,Left,Center,True,,299.5,-15.661211948846551
2261,DAopto-03,merge,658.5,merge,True,Right,tStr,Left,Center,True,,304.5,-19.68898972662432
2262,DAopto-03,merge,658.5,merge,True,Right,tStr,Left,Center,True,,309.5,-24.88740242503702
2263,DAopto-03,merge,658.5,merge,True,Right,tStr,Left,Center,True,,314.5,-18.543865010071038
2264,DAopto-03,merge,658.5,merge,True,Right,tStr,Left,Center,True,,319.5,-11.196926234560834
2265,DAopto-03,merge,658.5,merge,True,Right,tStr,Left,Center,True,,324.5,-11.673116710751312
2266,DAopto-03,merge,658.5,merge,True,Right,tStr,Left,Center,True,,329.5,-4.530259567894159
2267,DAopto-03,merge,658.5,merge,True,Right,tStr,Left,Center,True,,334.5,0.11259757496297595
2268,DAopto-03,merge,658.5,merge,True,Right,tStr,Left,Center,True,,339.5,-11.077878615513214
2269,DAopto-03,merge,658.5,merge,True,Right,tStr,Left,Center,True,,344.5,-14.768354805989404
2270,DAopto-03,merge,658.5,merge,True,Right,tStr,Left,Center,True,,349.5,-14.53025956789417
2271,DAopto-03,merge,658.5,merge,True,Right,tStr,Left,Center,True,,354.5,-25.48264052027512
2272,DAopto-03,merge,658.5,merge,True,Right,tStr,Left,Center,True,,359.5,-8.042164329798926
2273,DAopto-03,merge,658.5,merge,True,Right,tStr,Left,Center,True,,364.5,-4.2184681846742045
2274,DAopto-03,merge,658.5,merge,True,Right,tStr,Left,Center,True,,369.5,-9.768354805989395
2275,DAopto-03,merge,658.5,merge,True,Right,tStr,Left,Center,True,,374.5,-7.14930718694178
2276,DAopto-03,merge,658.5,merge,True,Right,tStr,Left,Center,True,,379.5,-7.744545282179882
2277,DAopto-03,merge,658.5,merge,True,Right,tStr,Left,Center,True,,384.5,-10.958830996465593
2278,DAopto-03,merge,658.5,merge,True,Right,tStr,Left,Center,True,,389.5,-10.125497663132261
2279,DAopto-03,merge,658.5,merge,True,Right,tStr,Left,Center,True,,394.5,-7.387402425037024
2280,DAopto-03,merge,658.5,merge,True,Right,tStr,Left,Center,True,,399.5,-7.427084964719558
2281,DAopto-03,merge,658.5,merge,True,Right,tStr,Left,Center,True,,404.5,-0.2445452821798817
2282,DAopto-03,merge,658.5,merge,True,Right,tStr,Left,Center,True,,409.5,-2.2683548059894036
2283,DAopto-03,merge,658.5,merge,True,Right,tStr,Left,Center,True,,414.5,-3.577878615513214
2284,DAopto-03,merge,658.5,merge,True,Right,tStr,Left,Center,True,,419.5,-4.768354805989407
2285,DAopto-03,merge,658.5,merge,True,Right,tStr,Left,Center,True,,424.5,-1.7524817901163843
2286,DAopto-03,merge,658.5,merge,True,Right,tStr,Left,Center,True,,429.5,-10.502481790116384
2287,DAopto-03,merge,658.5,merge,True,Right,tStr,Left,Center,True,,434.5,-5.780259567894163
2288,DAopto-03,merge,658.5,merge,True,Right,tStr,Left,Center,True,,439.5,-3.339783377417975
2289,DAopto-03,merge,658.5,merge,True,Right,tStr,Left,Center,True,,444.5,2.434026146391549
2290,DAopto-03,merge,658.5,merge,True,Right,tStr,Left,Center,True,,449.5,3.088788051153454
2291,DAopto-03,merge,658.5,merge,True,Right,tStr,Left,Center,True,,454.5,-3.2207357583703526
2292,DAopto-03,merge,658.5,merge,True,Right,tStr,Left,Center,True,,459.5,-1.5540690917036883
2293,DAopto-03,merge,658.5,merge,True,Right,tStr,Left,Center,True,,464.5,-3.3397833774179766
2294,DAopto-03,merge,658.5,merge,True,Right,tStr,Left,Center,True,,469.5,-4.411211948846546
2295,DAopto-03,merge,658.5,merge,True,Right,tStr,Left,Center,True,,474.5,-6.264953445445187
2296,DAopto-03,merge,658.5,merge,True,Right,tStr,Left,Center,True,,479.5,5.5491055114709145
2297,DAopto-03,merge,658.5,merge,True,Right,tStr,Left,Center,True,,484.5,6.461803924169335
2298,DAopto-03,merge,658.5,merge,True,Right,tStr,Left,Center,True,,489.5,5.4697404321058425
2299,DAopto-03,merge,658.5,merge,True,Right,tStr,Left,Center,True,,494.5,12.374502336867742
2300,DAopto-03,merge,658.5,merge,True,Right,tStr,Left,Center,True,,499.5,8.842756305121707
2301,DAopto-03,merge,658.5,merge,True,Right,tStr,Left,Center,True,,504.5,7.985974198339601
2302,DAopto-03,merge,658.5,merge,True,Right,tStr,Left,Center,True,,509.5,13.059026146391549
2303,DAopto-03,merge,658.5,merge,True,Right,tStr,Left,Center,True,,514.5,9.6364070987725
2304,DAopto-03,merge,658.5,merge,True,Right,tStr,Left,Center,True,,519.5,6.422121384486788
2305,DAopto-03,merge,658.5,merge,True,Right,tStr,Left,Center,True,,524.5,4.687427506935766
2306,DAopto-03,merge,658.5,merge,True,Right,tStr,Left,Center,True,,529.5,-1.7411439216356612
2307,DAopto-03,merge,658.5,merge,True,Right,tStr,Left,Center,True,,534.5,-7.744545282179875
2308,DAopto-03,merge,658.5,merge,True,Right,tStr,Left,Center,True,,539.5,-1.0778786155132103
2309,DAopto-03,merge,658.5,merge,True,Right,tStr,Left,Center,True,,544.5,-6.3159738536084475
2310,DAopto-03,merge,658.5,merge,True,Right,tStr,Left,Center,True,,549.5,-10.363592901227499
2311,DAopto-03,merge,658.5,merge,True,Right,tStr,Left,Center,True,,554.5,-16.792164329798926
2312,DAopto-03,merge,658.5,merge,True,Right,tStr,Left,Center,True,,559.5,-13.736608774243372
2313,DAopto-03,merge,658.5,merge,True,Right,tStr,Left,Center,True,,564.5,-7.489443241363549
2314,DAopto-03,merge,658.5,merge,True,Right,tStr,Left,Center,True,,569.5,-19.96676750440209
2315,DAopto-03,merge,658.5,merge,True,Right,tStr,Left,Center,True,,574.5,-22.714783377417973
2316,DAopto-03,merge,658.5,merge,True,Right,tStr,Left,Center,True,,579.5,-19.72867226630687
2317,DAopto-03,merge,658.5,merge,True,Right,tStr,Left,Center,True,,584.5,-10.397606506669675
2318,DAopto-03,merge,658.5,merge,True,Right,tStr,Left,Center,True,,589.5,-8.025157527077837
2319,DAopto-03,merge,658.5,merge,True,Right,tStr,Left,Center,True,,594.5,-3.18105321868782
2320,DAopto-03,merge,658.5,merge,True,Right,tStr,Left,Center,True,,599.5,-2.0132527651730783
2321,DAopto-03,merge,658.5,merge,True,Right,tStr,Left,Center,True,,604.5,0.5887880511534469
2322,DAopto-03,merge,658.5,merge,True,Right,tStr,Left,Center,True,,609.5,-8.558037345671941
2323,DAopto-03,merge,658.5,merge,True,Right,tStr,Left,Center,True,,614.5,-2.665180202814799
2324,DAopto-03,merge,658.5,merge,True,Right,tStr,Left,Center,True,,619.5,3.5848197971852045
2325,DAopto-03,merge,658.5,merge,True,Right,tStr,Left,Center,True,,624.5,5.053073765439169
2326,DAopto-03,merge,658.5,merge,True,Right,tStr,Left,Center,True,,629.5,6.1840261463915525
2327,DAopto-03,merge,658.5,merge,True,Right,tStr,Left,Center,True,,634.5,5.350692813058215
2433,DAopto-03,merge,662.0,merge,True,Left,tStr,Right,Center,True,,75.5,0.0
2434,DAopto-03,merge,662.0,merge,True,Left,tStr,Right,Center,True,,149.5,-6.4245837325293
2435,DAopto-03,merge,662.0,merge,True,Left,tStr,Right,Center,True,,154.5,4.686527378581811
2436,DAopto-03,merge,662.0,merge,True,Left,tStr,Right,Center,True,,159.5,15.50001944207387
2437,DAopto-03,merge,662.0,merge,True,Left,tStr,Right,Center,True,,164.5,8.793670235724662
2438,DAopto-03,merge,662.0,merge,True,Left,tStr,Right,Center,True,,169.5,1.908749600804029
2439,DAopto-03,merge,662.0,merge,True,Left,tStr,Right,Center,True,,174.5,-11.887870445816016
2440,DAopto-03,merge,662.0,merge,True,Left,tStr,Right,Center,True,,179.5,-12.930438988384562
2441,DAopto-03,merge,662.0,merge,True,Left,tStr,Right,Center,True,,184.5,-10.771348079293652
2442,DAopto-03,merge,662.0,merge,True,Left,tStr,Right,Center,True,,189.5,-5.134901192846762
2443,DAopto-03,merge,662.0,merge,True,Left,tStr,Right,Center,True,,194.5,-1.7420440499896195
2444,DAopto-03,merge,662.0,merge,True,Left,tStr,Right,Center,True,,199.5,13.317479759534184
2445,DAopto-03,merge,662.0,merge,True,Left,tStr,Right,Center,True,,204.5,14.468273410327836
2446,DAopto-03,merge,662.0,merge,True,Left,tStr,Right,Center,True,,209.5,16.253987696042124
2447,DAopto-03,merge,662.0,merge,True,Left,tStr,Right,Center,True,,214.5,19.070060512114946
2448,DAopto-03,merge,662.0,merge,True,Left,tStr,Right,Center,True,,219.5,13.83335277540721
2449,DAopto-03,merge,662.0,merge,True,Left,tStr,Right,Center,True,,224.5,-0.024356975159687266
2450,DAopto-03,merge,662.0,merge,True,Left,tStr,Right,Center,True,,229.5,-2.4923056931084044
2451,DAopto-03,merge,662.0,merge,True,Left,tStr,Right,Center,True,,234.5,-8.041756242558954
2452,DAopto-03,merge,662.0,merge,True,Left,tStr,Right,Center,True,,239.5,-10.73013928808486
2453,DAopto-03,merge,662.0,merge,True,Left,tStr,Right,Center,True,,244.5,-5.789663097608667
2454,DAopto-03,merge,662.0,merge,True,Left,tStr,Right,Center,True,,249.5,3.3472416642960923
2455,DAopto-03,merge,662.0,merge,True,Left,tStr,Right,Center,True,,254.5,16.650813092867526
2456,DAopto-03,merge,662.0,merge,True,Left,tStr,Right,Center,True,,259.5,14.78268122473565
2457,DAopto-03,merge,662.0,merge,True,Left,tStr,Right,Center,True,,264.5,19.92462261667705
2458,DAopto-03,merge,662.0,merge,True,Left,tStr,Right,Center,True,,269.5,19.825416267470697
2459,DAopto-03,merge,662.0,merge,True,Left,tStr,Right,Center,True,,274.5,30.239248467017184
2460,DAopto-03,merge,662.0,merge,True,Left,tStr,Right,Center,True,,279.5,25.063511505565934
2461,DAopto-03,merge,662.0,merge,True,Left,tStr,Right,Center,True,,284.5,16.055574997629428
2462,DAopto-03,merge,662.0,merge,True,Left,tStr,Right,Center,True,,289.5,10.728194045248479
2463,DAopto-03,merge,662.0,merge,True,Left,tStr,Right,Center,True,,294.5,11.128835070889505
2464,DAopto-03,merge,662.0,merge,True,Left,tStr,Right,Center,True,,299.5,12.843093035147465
2465,DAopto-03,merge,662.0,merge,True,Left,tStr,Right,Center,True,,304.5,12.094536036590469
2466,DAopto-03,merge,662.0,merge,True,Left,tStr,Right,Center,True,,309.5,21.86726330931774
2467,DAopto-03,merge,662.0,merge,True,Left,tStr,Right,Center,True,,314.5,13.793670235724676
2468,DAopto-03,merge,662.0,merge,True,Left,tStr,Right,Center,True,,319.5,16.769860711915143
2469,DAopto-03,merge,662.0,merge,True,Left,tStr,Right,Center,True,,324.5,22.127003569057997
2470,DAopto-03,merge,662.0,merge,True,Left,tStr,Right,Center,True,,329.5,20.817479759534187
2471,DAopto-03,merge,662.0,merge,True,Left,tStr,Right,Center,True,,334.5,12.796646426200851
2472,DAopto-03,merge,662.0,merge,True,Left,tStr,Right,Center,True,,339.5,9.388908330962764
2473,DAopto-03,merge,662.0,merge,True,Left,tStr,Right,Center,True,,344.5,6.650813092867523
2474,DAopto-03,merge,662.0,merge,True,Left,tStr,Right,Center,True,,349.5,1.4992979413523742
2475,DAopto-03,merge,662.0,merge,True,Left,tStr,Right,Center,True,,354.5,7.3055749976294315
2476,DAopto-03,merge,662.0,merge,True,Left,tStr,Right,Center,True,,359.5,23.970715412769845
2477,DAopto-03,merge,662.0,merge,True,Left,tStr,Right,Center,True,,364.5,13.00001944207387
2478,DAopto-03,merge,662.0,merge,True,Left,tStr,Right,Center,True,,369.5,3.988748266937158
2479,DAopto-03,merge,662.0,merge,True,Left,tStr,Right,Center,True,,374.5,9.706368648423076
2480,DAopto-03,merge,662.0,merge,True,Left,tStr,Right,Center,True,,379.5,14.507955950010384
2481,DAopto-03,merge,662.0,merge,True,Left,tStr,Right,Center,True,,384.5,17.22773616979061
2482,DAopto-03,merge,662.0,merge,True,Left,tStr,Right,Center,True,,389.5,20.162717854772286
2483,DAopto-03,merge,662.0,merge,True,Left,tStr,Right,Center,True,,394.5,31.234146426200862
2484,DAopto-03,merge,662.0,merge,True,Left,tStr,Right,Center,True,,399.5,32.127003569058
2485,DAopto-03,merge,662.0,merge,True,Left,tStr,Right,Center,True,,404.5,39.32938452143896
2486,DAopto-03,merge,662.0,merge,True,Left,tStr,Right,Center,True,,409.5,29.38890833096277
2487,DAopto-03,merge,662.0,merge,True,Left,tStr,Right,Center,True,,414.5,30.7894685550524
2488,DAopto-03,merge,662.0,merge,True,Left,tStr,Right,Center,True,,419.5,19.349225791280222
2489,DAopto-03,merge,662.0,merge,True,Left,tStr,Right,Center,True,,424.5,-0.7571500924065813
2490,DAopto-03,merge,662.0,merge,True,Left,tStr,Right,Center,True,,429.5,-9.817440875386442
2491,DAopto-03,merge,662.0,merge,True,Left,tStr,Right,Center,True,,434.5,-13.608540648629074
2492,DAopto-03,merge,662.0,merge,True,Left,tStr,Right,Center,True,,439.5,-16.007917065862635
2493,DAopto-03,merge,662.0,merge,True,Left,tStr,Right,Center,True,,444.5,-5.38742644537202
2494,DAopto-03,merge,662.0,merge,True,Left,tStr,Right,Center,True,,449.5,-6.393404594207308
2495,DAopto-03,merge,662.0,merge,True,Left,tStr,Right,Center,True,,454.5,0.8283022703566978
2496,DAopto-03,merge,662.0,merge,True,Left,tStr,Right,Center,True,,459.5,5.513676420016562
2497,DAopto-03,merge,662.0,merge,True,Left,tStr,Right,Center,True,,464.5,9.468273410327843
2498,DAopto-03,merge,662.0,merge,True,Left,tStr,Right,Center,True,,469.5,6.190023882078311
2499,DAopto-03,merge,662.0,merge,True,Left,tStr,Right,Center,True,,474.5,9.478194045248479
2500,DAopto-03,merge,662.0,merge,True,Left,tStr,Right,Center,True,,479.5,5.844952287006718
2501,DAopto-03,merge,662.0,merge,True,Left,tStr,Right,Center,True,,484.5,11.531765473819906
2502,DAopto-03,merge,662.0,merge,True,Left,tStr,Right,Center,True,,489.5,3.9386641307185606
2503,DAopto-03,merge,662.0,merge,True,Left,tStr,Right,Center,True,,494.5,8.895711052051201
2504,DAopto-03,merge,662.0,merge,True,Left,tStr,Right,Center,True,,499.5,11.502003569057997
2505,DAopto-03,merge,662.0,merge,True,Left,tStr,Right,Center,True,,504.5,15.341289283343713
2506,DAopto-03,merge,662.0,merge,True,Left,tStr,Right,Center,True,,509.5,17.484146426200862
2507,DAopto-03,merge,662.0,merge,True,Left,tStr,Right,Center,True,,514.5,22.127003569057997
2508,DAopto-03,merge,662.0,merge,True,Left,tStr,Right,Center,True,,519.5,23.238114680169108
2509,DAopto-03,merge,662.0,merge,True,Left,tStr,Right,Center,True,,524.5,27.642876584931017
2510,DAopto-03,merge,662.0,merge,True,Left,tStr,Right,Center,True,,529.5,28.942479759534187
2511,DAopto-03,merge,662.0,merge,True,Left,tStr,Right,Center,True,,534.5,28.582076274130706
2512,DAopto-03,merge,662.0,merge,True,Left,tStr,Right,Center,True,,539.5,26.6706543627088
2513,DAopto-03,merge,662.0,merge,True,Left,tStr,Right,Center,True,,544.5,23.436527378581808
2514,DAopto-03,merge,662.0,merge,True,Left,tStr,Right,Center,True,,549.5,22.004903446957872
2515,DAopto-03,merge,662.0,merge,True,Left,tStr,Right,Center,True,,554.5,25.316869258923692
2516,DAopto-03,merge,662.0,merge,True,Left,tStr,Right,Center,True,,559.5,23.111852053906485
2517,DAopto-03,merge,662.0,merge,True,Left,tStr,Right,Center,True,,564.5,19.05160674366118
2518,DAopto-03,merge,662.0,merge,True,Left,tStr,Right,Center,True,,569.5,17.34969754175198
2519,DAopto-03,merge,662.0,merge,True,Left,tStr,Right,Center,True,,574.5,16.29367023572467
2520,DAopto-03,merge,662.0,merge,True,Left,tStr,Right,Center,True,,579.5,13.870200847969564
2521,DAopto-03,merge,662.0,merge,True,Left,tStr,Right,Center,True,,584.5,15.817479759534187
2522,DAopto-03,merge,662.0,merge,True,Left,tStr,Right,Center,True,,589.5,15.877003569058001
2523,DAopto-03,merge,662.0,merge,True,Left,tStr,Right,Center,True,,594.5,13.158749600804033
2524,DAopto-03,merge,662.0,merge,True,Left,tStr,Right,Center,True,,599.5,11.432559124613555
2525,DAopto-03,merge,662.0,merge,True,Left,tStr,Right,Center,True,,604.5,15.718273410327843
2526,DAopto-03,merge,662.0,merge,True,Left,tStr,Right,Center,True,,609.5,14.269860711915143
2527,DAopto-03,DAopto-03 Apr07 13:27,702.0,Aud_Psycho,True,Left,tStr,Right,Center,True,44.870554282319,614.5,17.19827324869341
2528,DAopto-03,DAopto-03 Apr07 13:27,702.0,Aud_Psycho,True,Left,tStr,Right,Center,True,44.870554282319,619.5,25.531606582026747
2529,DAopto-03,DAopto-03 Apr07 13:27,702.0,Aud_Psycho,True,Left,tStr,Right,Center,True,44.870554282319,624.5,22.77650454121042
2530,DAopto-03,DAopto-03 Apr07 13:27,702.0,Aud_Psycho,True,Left,tStr,Right,Center,True,44.870554282319,629.5,23.96698073168661
2531,DAopto-03,DAopto-03 Apr07 13:27,702.0,Aud_Psycho,True,Left,tStr,Right,Center,True,44.870554282319,634.5,15.633647398353276
2532,DAopto-03,DAopto-03 Apr07 13:27,702.0,Aud_Psycho,True,Left,tStr,Right,Center,True,44.870554282319,639.5,29.681266445972305
2533,DAopto-03,DAopto-03 Apr07 13:27,702.0,Aud_Psycho,True,Left,tStr,Right,Center,True,44.870554282319,644.5,13.84793311263899
2534,DAopto-03,DAopto-03 Apr07 13:27,702.0,Aud_Psycho,True,Left,tStr,Right,Center,True,44.870554282319,649.5,9.28444104914692
2535,DAopto-03,DAopto-03 Apr07 13:27,702.0,Aud_Psycho,True,Left,tStr,Right,Center,True,44.870554282319,654.5,-4.802860538154668
2536,DAopto-03,DAopto-03 Apr07 13:27,702.0,Aud_Psycho,True,Left,tStr,Right,Center,True,44.870554282319,659.5,1.10983787454375
2537,DAopto-03,DAopto-03 Apr07 13:27,702.0,Aud_Psycho,True,Left,tStr,Right,Center,True,44.870554282319,664.5,10.633647398353276
2538,DAopto-03,DAopto-03 Apr07 13:27,702.0,Aud_Psycho,True,Left,tStr,Right,Center,True,44.870554282319,669.5,12.062218826924706
2539,DAopto-03,DAopto-03 Apr07 13:27,702.0,Aud_Psycho,True,Left,tStr,Right,Center,True,44.870554282319,674.5,11.10983787454375
2540,DAopto-03,DAopto-03 Apr07 13:27,702.0,Aud_Psycho,True,Left,tStr,Right,Center,True,44.870554282319,679.5,32.300314065019954
2541,DAopto-03,DAopto-03 Apr07 13:27,702.0,Aud_Psycho,True,Left,tStr,Right,Center,True,44.870554282319,684.5,24.035007942570964
2542,DAopto-03,DAopto-03 Apr07 13:27,702.0,Aud_Psycho,True,Left,tStr,Right,Center,True,44.870554282319,689.5,16.586028350734225
2642,DAopto-03,DAopto-03 Apr08 13:59,666.0,Aud_Psycho,True,Right,tStr,Left,Center,True,41.208805361224954,639.5,19.780233932653527
2643,DAopto-03,DAopto-03 Apr08 13:59,666.0,Aud_Psycho,True,Right,tStr,Left,Center,True,41.208805361224954,644.5,3.5897577421773406
2644,DAopto-03,DAopto-03 Apr08 13:59,666.0,Aud_Psycho,True,Right,tStr,Left,Center,True,41.208805361224954,649.5,10.426492436054886
3205,DAopto-04,DAopto-04 Apr07 13:31,658.0,Aud_Psycho,True,Left,tStr,Right,Center,True,47.36665798695873,75.5,0.0
3206,DAopto-04,DAopto-04 Apr07 13:31,658.0,Aud_Psycho,True,Left,tStr,Right,Center,True,47.36665798695873,149.5,1.6129338497759633
3207,DAopto-04,DAopto-04 Apr07 13:31,658.0,Aud_Psycho,True,Left,tStr,Right,Center,True,47.36665798695873,154.5,0.6605528973950214
3208,DAopto-04,DAopto-04 Apr07 13:31,658.0,Aud_Psycho,True,Left,tStr,Right,Center,True,47.36665798695873,159.5,-8.62516138831927
3209,DAopto-04,DAopto-04 Apr07 13:31,658.0,Aud_Psycho,True,Left,tStr,Right,Center,True,47.36665798695873,164.5,15.898648135490248
3210,DAopto-04,DAopto-04 Apr07 13:31,658.0,Aud_Psycho,True,Left,tStr,Right,Center,True,47.36665798695873,169.5,13.75579099263311
3211,DAopto-04,DAopto-04 Apr07 13:31,658.0,Aud_Psycho,True,Left,tStr,Right,Center,True,47.36665798695873,174.5,14.470076706918825
3212,DAopto-04,DAopto-04 Apr07 13:31,658.0,Aud_Psycho,True,Left,tStr,Right,Center,True,47.36665798695873,179.5,17.327219564061686
3213,DAopto-04,DAopto-04 Apr07 13:31,658.0,Aud_Psycho,True,Left,tStr,Right,Center,True,47.36665798695873,184.5,21.612933849775963
3214,DAopto-04,DAopto-04 Apr07 13:31,658.0,Aud_Psycho,True,Left,tStr,Right,Center,True,47.36665798695873,189.5,13.517695754537876
3215,DAopto-04,DAopto-04 Apr07 13:31,658.0,Aud_Psycho,True,Left,tStr,Right,Center,True,47.36665798695873,194.5,9.291505278347394
3216,DAopto-04,DAopto-04 Apr07 13:31,658.0,Aud_Psycho,True,Left,tStr,Right,Center,True,47.36665798695873,199.5,7.671134907977034
3217,DAopto-04,DAopto-04 Apr07 13:31,658.0,Aud_Psycho,True,Left,tStr,Right,Center,True,47.36665798695873,204.5,20.55851208106848
3218,DAopto-04,DAopto-04 Apr07 13:31,658.0,Aud_Psycho,True,Left,tStr,Right,Center,True,47.36665798695873,209.5,20.184362421204533
3219,DAopto-04,DAopto-04 Apr07 13:31,658.0,Aud_Psycho,True,Left,tStr,Right,Center,True,47.36665798695873,214.5,19.708171945014065
3220,DAopto-04,DAopto-04 Apr07 13:31,658.0,Aud_Psycho,True,Left,tStr,Right,Center,True,47.36665798695873,219.5,21.408852217122906
3221,DAopto-04,DAopto-04 Apr07 13:31,658.0,Aud_Psycho,True,Left,tStr,Right,Center,True,47.36665798695873,224.5,26.170756979027665
3222,DAopto-04,DAopto-04 Apr07 13:31,658.0,Aud_Psycho,True,Left,tStr,Right,Center,True,47.36665798695873,229.5,20.422457659299774
3223,DAopto-04,DAopto-04 Apr07 13:31,658.0,Aud_Psycho,True,Left,tStr,Right,Center,True,47.36665798695873,234.5,16.13674337358549
3224,DAopto-04,DAopto-04 Apr07 13:31,658.0,Aud_Psycho,True,Left,tStr,Right,Center,True,47.36665798695873,239.5,17.327219564061686
3225,DAopto-04,DAopto-04 Apr07 13:31,658.0,Aud_Psycho,True,Left,tStr,Right,Center,True,47.36665798695873,244.5,1.6129338497759633
3226,DAopto-04,DAopto-04 Apr07 13:31,658.0,Aud_Psycho,True,Left,tStr,Right,Center,True,47.36665798695873,249.5,8.75579099263311
3227,DAopto-04,DAopto-04 Apr07 13:31,658.0,Aud_Psycho,True,Left,tStr,Right,Center,True,47.36665798695873,254.5,10.18436242120454
3228,DAopto-04,DAopto-04 Apr07 13:31,658.0,Aud_Psycho,True,Left,tStr,Right,Center,True,47.36665798695873,259.5,5.422457659299781
3229,DAopto-04,DAopto-04 Apr07 13:31,658.0,Aud_Psycho,True,Left,tStr,Right,Center,True,47.36665798695873,264.5,7.80341004025216
3230,DAopto-04,DAopto-04 Apr07 13:31,658.0,Aud_Psycho,True,Left,tStr,Right,Center,True,47.36665798695873,269.5,12.56531480215692
3231,DAopto-04,DAopto-04 Apr07 13:31,658.0,Aud_Psycho,True,Left,tStr,Right,Center,True,47.36665798695873,274.5,12.56531480215692
3232,DAopto-04,DAopto-04 Apr07 13:31,658.0,Aud_Psycho,True,Left,tStr,Right,Center,True,47.36665798695873,279.5,16.987083509639916
3233,DAopto-04,DAopto-04 Apr07 13:31,658.0,Aud_Psycho,True,Left,tStr,Right,Center,True,47.36665798695873,284.5,16.987083509639916
3234,DAopto-04,DAopto-04 Apr07 13:31,658.0,Aud_Psycho,True,Left,tStr,Right,Center,True,47.36665798695873,289.5,14.470076706918825
3235,DAopto-04,DAopto-04 Apr07 13:31,658.0,Aud_Psycho,True,Left,tStr,Right,Center,True,47.36665798695873,294.5,5.422457659299781
3236,DAopto-04,DAopto-04 Apr07 13:31,658.0,Aud_Psycho,True,Left,tStr,Right,Center,True,47.36665798695873,299.5,3.6537501763065734
3237,DAopto-04,DAopto-04 Apr07 13:31,658.0,Aud_Psycho,True,Left,tStr,Right,Center,True,47.36665798695873,304.5,-8.06960583276372
3238,DAopto-04,DAopto-04 Apr07 13:31,658.0,Aud_Psycho,True,Left,tStr,Right,Center,True,47.36665798695873,309.5,-13.62516138831927
3239,DAopto-04,DAopto-04 Apr07 13:31,658.0,Aud_Psycho,True,Left,tStr,Right,Center,True,47.36665798695873,314.5,-13.62516138831927
3240,DAopto-04,DAopto-04 Apr07 13:31,658.0,Aud_Psycho,True,Left,tStr,Right,Center,True,47.36665798695873,319.5,-13.62516138831927
3241,DAopto-04,DAopto-04 Apr07 13:31,658.0,Aud_Psycho,True,Left,tStr,Right,Center,True,47.36665798695873,324.5,-2.876862068591386
3242,DAopto-04,DAopto-04 Apr07 13:31,658.0,Aud_Psycho,True,Left,tStr,Right,Center,True,47.36665798695873,329.5,20.184362421204533
3243,DAopto-04,DAopto-04 Apr07 13:31,658.0,Aud_Psycho,True,Left,tStr,Right,Center,True,47.36665798695873,334.5,21.851029087871204
3244,DAopto-04,DAopto-04 Apr07 13:31,658.0,Aud_Psycho,True,Left,tStr,Right,Center,True,47.36665798695873,339.5,23.959872625286174
3245,DAopto-04,DAopto-04 Apr07 13:31,658.0,Aud_Psycho,True,Left,tStr,Right,Center,True,47.36665798695873,344.5,22.327219564061686
3246,DAopto-04,DAopto-04 Apr07 13:31,658.0,Aud_Psycho,True,Left,tStr,Right,Center,True,47.36665798695873,349.5,14.470076706918825
3247,DAopto-04,DAopto-04 Apr07 13:31,658.0,Aud_Psycho,True,Left,tStr,Right,Center,True,47.36665798695873,354.5,5.422457659299781
3248,DAopto-04,DAopto-04 Apr07 13:31,658.0,Aud_Psycho,True,Left,tStr,Right,Center,True,47.36665798695873,359.5,-2.4346851978430877
3249,DAopto-04,DAopto-04 Apr07 13:31,658.0,Aud_Psycho,True,Left,tStr,Right,Center,True,47.36665798695873,364.5,-0.29182805498593467
3250,DAopto-04,DAopto-04 Apr07 13:31,658.0,Aud_Psycho,True,Left,tStr,Right,Center,True,47.36665798695873,369.5,14.470076706918825
3251,DAopto-04,DAopto-04 Apr07 13:31,658.0,Aud_Psycho,True,Left,tStr,Right,Center,True,47.36665798695873,374.5,23.51769575453786
3252,DAopto-04,DAopto-04 Apr07 13:31,658.0,Aud_Psycho,True,Left,tStr,Right,Center,True,47.36665798695873,379.5,17.327219564061686
3253,DAopto-04,DAopto-04 Apr07 13:31,658.0,Aud_Psycho,True,Left,tStr,Right,Center,True,47.36665798695873,384.5,17.32721956406167
3254,DAopto-04,DAopto-04 Apr07 13:31,658.0,Aud_Psycho,True,Left,tStr,Right,Center,True,47.36665798695873,389.5,7.763727500569615
3255,DAopto-04,DAopto-04 Apr07 13:31,658.0,Aud_Psycho,True,Left,tStr,Right,Center,True,47.36665798695873,394.5,0.5415052783473939
3256,DAopto-04,DAopto-04 Apr07 13:31,658.0,Aud_Psycho,True,Left,tStr,Right,Center,True,47.36665798695873,399.5,10.18436242120454
3257,DAopto-04,DAopto-04 Apr07 13:31,658.0,Aud_Psycho,True,Left,tStr,Right,Center,True,47.36665798695873,404.5,23.279600516442635
3258,DAopto-04,DAopto-04 Apr07 13:31,658.0,Aud_Psycho,True,Left,tStr,Right,Center,True,47.36665798695873,409.5,1.6129338497759633
3259,DAopto-04,DAopto-04 Apr07 13:31,658.0,Aud_Psycho,True,Left,tStr,Right,Center,True,47.36665798695873,414.5,6.102729768143313
3260,DAopto-04,DAopto-04 Apr07 13:31,658.0,Aud_Psycho,True,Left,tStr,Right,Center,True,47.36665798695873,419.5,9.708171945014065
3261,DAopto-04,DAopto-04 Apr07 13:31,658.0,Aud_Psycho,True,Left,tStr,Right,Center,True,47.36665798695873,424.5,14.946267183109306
3262,DAopto-04,DAopto-04 Apr07 13:31,658.0,Aud_Psycho,True,Left,tStr,Right,Center,True,47.36665798695873,429.5,12.56531480215692
3263,DAopto-04,DAopto-04 Apr07 13:31,658.0,Aud_Psycho,True,Left,tStr,Right,Center,True,47.36665798695873,434.5,21.612933849775963
3264,DAopto-04,DAopto-04 Apr07 13:31,658.0,Aud_Psycho,True,Left,tStr,Right,Center,True,47.36665798695873,439.5,11.37483861168073
3265,DAopto-04,DAopto-04 Apr07 13:31,658.0,Aud_Psycho,True,Left,tStr,Right,Center,True,47.36665798695873,444.5,3.041505278347394
3266,DAopto-04,DAopto-04 Apr07 13:31,658.0,Aud_Psycho,True,Left,tStr,Right,Center,True,47.36665798695873,449.5,-0.5299232930811755
3267,DAopto-04,DAopto-04 Apr07 13:31,658.0,Aud_Psycho,True,Left,tStr,Right,Center,True,47.36665798695873,454.5,-11.24420900736689
3268,DAopto-04,DAopto-04 Apr07 13:31,658.0,Aud_Psycho,True,Left,tStr,Right,Center,True,47.36665798695873,459.5,-30.291828054985938
3269,DAopto-04,DAopto-04 Apr07 13:31,658.0,Aud_Psycho,True,Left,tStr,Right,Center,True,47.36665798695873,464.5,-27.51405027720816
3270,DAopto-04,DAopto-04 Apr07 13:31,658.0,Aud_Psycho,True,Left,tStr,Right,Center,True,47.36665798695873,469.5,-19.458494721652606
3271,DAopto-04,DAopto-04 Apr07 13:31,658.0,Aud_Psycho,True,Left,tStr,Right,Center,True,47.36665798695873,474.5,-16.402939166097052
3272,DAopto-04,DAopto-04 Apr07 13:31,658.0,Aud_Psycho,True,Left,tStr,Right,Center,True,47.36665798695873,479.5,-13.62516138831927
3273,DAopto-04,DAopto-04 Apr07 13:31,658.0,Aud_Psycho,True,Left,tStr,Right,Center,True,47.36665798695873,484.5,-0.5299232930811755
3274,DAopto-04,DAopto-04 Apr07 13:31,658.0,Aud_Psycho,True,Left,tStr,Right,Center,True,47.36665798695873,489.5,1.6526163894585082
3275,DAopto-04,DAopto-04 Apr07 13:31,658.0,Aud_Psycho,True,Left,tStr,Right,Center,True,47.36665798695873,494.5,-2.514050277208156
3276,DAopto-04,DAopto-04 Apr07 13:31,658.0,Aud_Psycho,True,Left,tStr,Right,Center,True,47.36665798695873,499.5,-13.62516138831927
3277,DAopto-04,DAopto-04 Apr07 13:31,658.0,Aud_Psycho,True,Left,tStr,Right,Center,True,47.36665798695873,504.5,-3.902939166097056
3278,DAopto-04,DAopto-04 Apr07 13:31,658.0,Aud_Psycho,True,Left,tStr,Right,Center,True,47.36665798695873,509.5,3.041505278347394
3279,DAopto-04,DAopto-04 Apr07 13:31,658.0,Aud_Psycho,True,Left,tStr,Right,Center,True,47.36665798695873,514.5,-1.7203994835573653
3280,DAopto-04,DAopto-04 Apr07 13:31,658.0,Aud_Psycho,True,Left,tStr,Right,Center,True,47.36665798695873,519.5,-0.29182805498593467
3281,DAopto-04,DAopto-04 Apr07 13:31,658.0,Aud_Psycho,True,Left,tStr,Right,Center,True,47.36665798695873,524.5,0.490484870184126
3282,DAopto-04,DAopto-04 Apr07 13:31,658.0,Aud_Psycho,True,Left,tStr,Right,Center,True,47.36665798695873,529.5,-6.482304245462132
3283,DAopto-04,DAopto-04 Apr07 13:31,658.0,Aud_Psycho,True,Left,tStr,Right,Center,True,47.36665798695873,534.5,-16.402939166097052
3284,DAopto-04,DAopto-04 Apr07 13:31,658.0,Aud_Psycho,True,Left,tStr,Right,Center,True,47.36665798695873,539.5,4.946267183109299
3285,DAopto-04,DAopto-04 Apr07 13:31,658.0,Aud_Psycho,True,Left,tStr,Right,Center,True,47.36665798695873,544.5,5.592525686510662
3286,DAopto-04,DAopto-04 Apr07 13:31,658.0,Aud_Psycho,True,Left,tStr,Right,Center,True,47.36665798695873,549.5,4.946267183109299
3287,DAopto-04,DAopto-04 Apr07 13:31,658.0,Aud_Psycho,True,Left,tStr,Right,Center,True,47.36665798695873,554.5,5.422457659299781
3288,DAopto-04,DAopto-04 Apr07 13:31,658.0,Aud_Psycho,True,Left,tStr,Right,Center,True,47.36665798695873,559.5,3.041505278347394
3289,DAopto-04,DAopto-04 Apr07 13:31,658.0,Aud_Psycho,True,Left,tStr,Right,Center,True,47.36665798695873,564.5,-7.672780435938321
3290,DAopto-04,DAopto-04 Apr07 13:31,658.0,Aud_Psycho,True,Left,tStr,Right,Center,True,47.36665798695873,569.5,1.8510290878712041
3291,DAopto-04,DAopto-04 Apr07 13:31,658.0,Aud_Psycho,True,Left,tStr,Right,Center,True,47.36665798695873,574.5,1.8510290878712041
3292,DAopto-04,DAopto-04 Apr07 13:31,658.0,Aud_Psycho,True,Left,tStr,Right,Center,True,47.36665798695873,579.5,3.2796005164426347
3293,DAopto-04,DAopto-04 Apr07 13:31,658.0,Aud_Psycho,True,Left,tStr,Right,Center,True,47.36665798695873,584.5,7.803410040252153
3294,DAopto-04,DAopto-04 Apr07 13:31,658.0,Aud_Psycho,True,Left,tStr,Right,Center,True,47.36665798695873,589.5,6.136743373585489
3295,DAopto-04,DAopto-04 Apr07 13:31,658.0,Aud_Psycho,True,Left,tStr,Right,Center,True,47.36665798695873,594.5,0.6605528973950214
3296,DAopto-04,DAopto-04 Apr07 13:31,658.0,Aud_Psycho,True,Left,tStr,Right,Center,True,47.36665798695873,599.5,7.327219564061679
3297,DAopto-04,DAopto-04 Apr07 13:31,658.0,Aud_Psycho,True,Left,tStr,Right,Center,True,47.36665798695873,604.5,-0.5299232930811755
3298,DAopto-04,DAopto-04 Apr07 13:31,658.0,Aud_Psycho,True,Left,tStr,Right,Center,True,47.36665798695873,609.5,-2.7918280549859418
3299,DAopto-04,DAopto-04 Apr07 13:31,658.0,Aud_Psycho,True,Left,tStr,Right,Center,True,47.36665798695873,614.5,2.7637275005696154
3300,DAopto-04,DAopto-04 Apr07 13:31,658.0,Aud_Psycho,True,Left,tStr,Right,Center,True,47.36665798695873,619.5,-17.990240753398634
3301,DAopto-04,DAopto-04 Apr07 13:31,658.0,Aud_Psycho,True,Left,tStr,Right,Center,True,47.36665798695873,624.5,-27.51405027720816
3302,DAopto-04,DAopto-04 Apr07 13:31,658.0,Aud_Psycho,True,Left,tStr,Right,Center,True,47.36665798695873,629.5,-24.736272499430388
3303,DAopto-04,DAopto-04 Apr07 13:31,658.0,Aud_Psycho,True,Left,tStr,Right,Center,True,47.36665798695873,634.5,-27.51405027720816
3304,DAopto-04,DAopto-04 Apr07 13:31,658.0,Aud_Psycho,True,Left,tStr,Right,Center,True,47.36665798695873,639.5,-26.291828054985938
3305,DAopto-04,DAopto-04 Apr07 13:31,658.0,Aud_Psycho,True,Left,tStr,Right,Center,True,47.36665798695873,644.5,-27.51405027720816
3828,DAopto-05,DAopto-05 Apr05 15:47,541.0,Aud_Psycho,True,Right,tStr,Left,Center,True,55.05406526083218,75.5,-0.0
3829,DAopto-05,DAopto-05 Apr05 15:47,541.0,Aud_Psycho,True,Right,tStr,Left,Center,True,55.05406526083218,149.5,37.38250540882119
3830,DAopto-05,DAopto-05 Apr05 15:47,541.0,Aud_Psycho,True,Right,tStr,Left,Center,True,55.05406526083218,154.5,23.096791123106904
3831,DAopto-05,DAopto-05 Apr05 15:47,541.0,Aud_Psycho,True,Right,tStr,Left,Center,True,55.05406526083218,159.5,15.715838742154524
3832,DAopto-05,DAopto-05 Apr05 15:47,541.0,Aud_Psycho,True,Right,tStr,Left,Center,True,55.05406526083218,164.5,11.66821969453548
3833,DAopto-05,DAopto-05 Apr05 15:47,541.0,Aud_Psycho,True,Right,tStr,Left,Center,True,55.05406526083218,169.5,9.185226497256565
3834,DAopto-05,DAopto-05 Apr05 15:47,541.0,Aud_Psycho,True,Right,tStr,Left,Center,True,55.05406526083218,174.5,1.4301244564402396
3835,DAopto-05,DAopto-05 Apr05 15:47,541.0,Aud_Psycho,True,Right,tStr,Left,Center,True,55.05406526083218,179.5,-0.11749459117880434
3836,DAopto-05,DAopto-05 Apr05 15:47,541.0,Aud_Psycho,True,Right,tStr,Left,Center,True,55.05406526083218,184.5,15.953933980249765
3837,DAopto-05,DAopto-05 Apr05 15:47,541.0,Aud_Psycho,True,Right,tStr,Left,Center,True,55.05406526083218,189.5,16.350759377075157
3838,DAopto-05,DAopto-05 Apr05 15:47,541.0,Aud_Psycho,True,Right,tStr,Left,Center,True,55.05406526083218,194.5,25.23964826596405
3839,DAopto-05,DAopto-05 Apr05 15:47,541.0,Aud_Psycho,True,Right,tStr,Left,Center,True,55.05406526083218,199.5,30.23964826596405
3840,DAopto-05,DAopto-05 Apr05 15:47,541.0,Aud_Psycho,True,Right,tStr,Left,Center,True,55.05406526083218,204.5,26.072981599297382
3841,DAopto-05,DAopto-05 Apr05 15:47,541.0,Aud_Psycho,True,Right,tStr,Left,Center,True,55.05406526083218,209.5,44.525362551678334
3842,DAopto-05,DAopto-05 Apr05 15:47,541.0,Aud_Psycho,True,Right,tStr,Left,Center,True,55.05406526083218,214.5,44.525362551678334
3843,DAopto-05,DAopto-05 Apr05 15:47,541.0,Aud_Psycho,True,Right,tStr,Left,Center,True,55.05406526083218,219.5,44.525362551678334
3844,DAopto-05,DAopto-05 Apr05 15:47,541.0,Aud_Psycho,True,Right,tStr,Left,Center,True,55.05406526083218,224.5,47.58658704147425
3845,DAopto-05,DAopto-05 Apr05 15:47,541.0,Aud_Psycho,True,Right,tStr,Left,Center,True,55.05406526083218,229.5,44.01515847004568
3846,DAopto-05,DAopto-05 Apr05 15:47,541.0,Aud_Psycho,True,Right,tStr,Left,Center,True,55.05406526083218,234.5,23.096791123106904
3847,DAopto-05,DAopto-05 Apr05 15:47,541.0,Aud_Psycho,True,Right,tStr,Left,Center,True,55.05406526083218,239.5,28.850759377075164
3848,DAopto-05,DAopto-05 Apr05 15:47,541.0,Aud_Psycho,True,Right,tStr,Left,Center,True,55.05406526083218,244.5,29.684092710408496
3849,DAopto-05,DAopto-05 Apr05 15:47,541.0,Aud_Psycho,True,Right,tStr,Left,Center,True,55.05406526083218,249.5,4.04917207548786
3850,DAopto-05,DAopto-05 Apr05 15:47,541.0,Aud_Psycho,True,Right,tStr,Left,Center,True,55.05406526083218,254.5,-6.188923162607381
3851,DAopto-05,DAopto-05 Apr05 15:47,541.0,Aud_Psycho,True,Right,tStr,Left,Center,True,55.05406526083218,259.5,6.826949853265646
3852,DAopto-05,DAopto-05 Apr05 15:47,541.0,Aud_Psycho,True,Right,tStr,Left,Center,True,55.05406526083218,264.5,5.23964826596405
3853,DAopto-05,DAopto-05 Apr05 15:47,541.0,Aud_Psycho,True,Right,tStr,Left,Center,True,55.05406526083218,269.5,13.572981599297385
3854,DAopto-05,DAopto-05 Apr05 15:47,541.0,Aud_Psycho,True,Right,tStr,Left,Center,True,55.05406526083218,274.5,32.14441017072595
3855,DAopto-05,DAopto-05 Apr05 15:47,541.0,Aud_Psycho,True,Right,tStr,Left,Center,True,55.05406526083218,279.5,32.32298159929738
3856,DAopto-05,DAopto-05 Apr05 15:47,541.0,Aud_Psycho,True,Right,tStr,Left,Center,True,55.05406526083218,284.5,23.692029218345006
3857,DAopto-05,DAopto-05 Apr05 15:47,541.0,Aud_Psycho,True,Right,tStr,Left,Center,True,55.05406526083218,289.5,24.967539422426633
3858,DAopto-05,DAopto-05 Apr05 15:47,541.0,Aud_Psycho,True,Right,tStr,Left,Center,True,55.05406526083218,294.5,23.334886361202148
3859,DAopto-05,DAopto-05 Apr05 15:47,541.0,Aud_Psycho,True,Right,tStr,Left,Center,True,55.05406526083218,299.5,15.953933980249765
3860,DAopto-05,DAopto-05 Apr05 15:47,541.0,Aud_Psycho,True,Right,tStr,Left,Center,True,55.05406526083218,304.5,-1.4270184007026216
3861,DAopto-05,DAopto-05 Apr05 15:47,541.0,Aud_Psycho,True,Right,tStr,Left,Center,True,55.05406526083218,309.5,-1.50638348006769
3862,DAopto-05,DAopto-05 Apr05 15:47,541.0,Aud_Psycho,True,Right,tStr,Left,Center,True,55.05406526083218,314.5,-7.345385747641394
3863,DAopto-05,DAopto-05 Apr05 15:47,541.0,Aud_Psycho,True,Right,tStr,Left,Center,True,55.05406526083218,319.5,-1.2909639789339096
3864,DAopto-05,DAopto-05 Apr05 15:47,541.0,Aud_Psycho,True,Right,tStr,Left,Center,True,55.05406526083218,324.5,5.851893163923229
3865,DAopto-05,DAopto-05 Apr05 15:47,541.0,Aud_Psycho,True,Right,tStr,Left,Center,True,55.05406526083218,329.5,12.042369354399419
3866,DAopto-05,DAopto-05 Apr05 15:47,541.0,Aud_Psycho,True,Right,tStr,Left,Center,True,55.05406526083218,334.5,32.62060064691643
3867,DAopto-05,DAopto-05 Apr05 15:47,541.0,Aud_Psycho,True,Right,tStr,Left,Center,True,55.05406526083218,339.5,40.953933980249765
3868,DAopto-05,DAopto-05 Apr05 15:47,541.0,Aud_Psycho,True,Right,tStr,Left,Center,True,55.05406526083218,344.5,37.18409271040849
3869,DAopto-05,DAopto-05 Apr05 15:47,541.0,Aud_Psycho,True,Right,tStr,Left,Center,True,55.05406526083218,349.5,42.144410170725955
3870,DAopto-05,DAopto-05 Apr05 15:47,541.0,Aud_Psycho,True,Right,tStr,Left,Center,True,55.05406526083218,354.5,39.763457789773575
3871,DAopto-05,DAopto-05 Apr05 15:47,541.0,Aud_Psycho,True,Right,tStr,Left,Center,True,55.05406526083218,359.5,30.23964826596405
3872,DAopto-05,DAopto-05 Apr05 15:47,541.0,Aud_Psycho,True,Right,tStr,Left,Center,True,55.05406526083218,364.5,38.572981599297385
3873,DAopto-05,DAopto-05 Apr05 15:47,541.0,Aud_Psycho,True,Right,tStr,Left,Center,True,55.05406526083218,369.5,33.334886361202145
3874,DAopto-05,DAopto-05 Apr05 15:47,541.0,Aud_Psycho,True,Right,tStr,Left,Center,True,55.05406526083218,374.5,32.38250540882119
3875,DAopto-05,DAopto-05 Apr05 15:47,541.0,Aud_Psycho,True,Right,tStr,Left,Center,True,55.05406526083218,379.5,30.23964826596405
3876,DAopto-05,DAopto-05 Apr05 15:47,541.0,Aud_Psycho,True,Right,tStr,Left,Center,True,55.05406526083218,384.5,14.525362551678334
3877,DAopto-05,DAopto-05 Apr05 15:47,541.0,Aud_Psycho,True,Right,tStr,Left,Center,True,55.05406526083218,389.5,-3.093685067369286
3878,DAopto-05,DAopto-05 Apr05 15:47,541.0,Aud_Psycho,True,Right,tStr,Left,Center,True,55.05406526083218,394.5,-14.046066019750242
3879,DAopto-05,DAopto-05 Apr05 15:47,541.0,Aud_Psycho,True,Right,tStr,Left,Center,True,55.05406526083218,399.5,-23.33178030546452
3880,DAopto-05,DAopto-05 Apr05 15:47,541.0,Aud_Psycho,True,Right,tStr,Left,Center,True,55.05406526083218,404.5,-12.855589829274052
3881,DAopto-05,DAopto-05 Apr05 15:47,541.0,Aud_Psycho,True,Right,tStr,Left,Center,True,55.05406526083218,409.5,-15.236542210226432
3882,DAopto-05,DAopto-05 Apr05 15:47,541.0,Aud_Psycho,True,Right,tStr,Left,Center,True,55.05406526083218,414.5,-10.236542210226432
3883,DAopto-05,DAopto-05 Apr05 15:47,541.0,Aud_Psycho,True,Right,tStr,Left,Center,True,55.05406526083218,419.5,3.5729815992973855
3884,DAopto-05,DAopto-05 Apr05 15:47,541.0,Aud_Psycho,True,Right,tStr,Left,Center,True,55.05406526083218,424.5,-0.2025286047842556
3885,DAopto-05,DAopto-05 Apr05 15:47,541.0,Aud_Psycho,True,Right,tStr,Left,Center,True,55.05406526083218,429.5,-7.855589829274045
3886,DAopto-05,DAopto-05 Apr05 15:47,541.0,Aud_Psycho,True,Right,tStr,Left,Center,True,55.05406526083218,434.5,3.811076837392619
3887,DAopto-05,DAopto-05 Apr05 15:47,541.0,Aud_Psycho,True,Right,tStr,Left,Center,True,55.05406526083218,439.5,3.811076837392619
3888,DAopto-05,DAopto-05 Apr05 15:47,541.0,Aud_Psycho,True,Right,tStr,Left,Center,True,55.05406526083218,444.5,2.8586958850116773
3889,DAopto-05,DAopto-05 Apr05 15:47,541.0,Aud_Psycho,True,Right,tStr,Left,Center,True,55.05406526083218,449.5,5.477743504059291
3890,DAopto-05,DAopto-05 Apr05 15:47,541.0,Aud_Psycho,True,Right,tStr,Left,Center,True,55.05406526083218,454.5,-1.9032088768930961
3891,DAopto-05,DAopto-05 Apr05 15:47,541.0,Aud_Psycho,True,Right,tStr,Left,Center,True,55.05406526083218,459.5,-3.3317803054645196
3892,DAopto-05,DAopto-05 Apr05 15:47,541.0,Aud_Psycho,True,Right,tStr,Left,Center,True,55.05406526083218,464.5,-10.236542210226418
3893,DAopto-05,DAopto-05 Apr05 15:47,541.0,Aud_Psycho,True,Right,tStr,Left,Center,True,55.05406526083218,469.5,4.04917207548786
3894,DAopto-05,DAopto-05 Apr05 15:47,541.0,Aud_Psycho,True,Right,tStr,Left,Center,True,55.05406526083218,474.5,17.144410170725955
3895,DAopto-05,DAopto-05 Apr05 15:47,541.0,Aud_Psycho,True,Right,tStr,Left,Center,True,55.05406526083218,479.5,11.192029218345006
3896,DAopto-05,DAopto-05 Apr05 15:47,541.0,Aud_Psycho,True,Right,tStr,Left,Center,True,55.05406526083218,484.5,11.192029218345006
3897,DAopto-05,DAopto-05 Apr05 15:47,541.0,Aud_Psycho,True,Right,tStr,Left,Center,True,55.05406526083218,489.5,10.001553027868809
3898,DAopto-05,DAopto-05 Apr05 15:47,541.0,Aud_Psycho,True,Right,tStr,Left,Center,True,55.05406526083218,494.5,4.04917207548786
3899,DAopto-05,DAopto-05 Apr05 15:47,541.0,Aud_Psycho,True,Right,tStr,Left,Center,True,55.05406526083218,499.5,7.6206006469164365
3900,DAopto-05,DAopto-05 Apr05 15:47,541.0,Aud_Psycho,True,Right,tStr,Left,Center,True,55.05406526083218,504.5,3.811076837392619
3901,DAopto-05,DAopto-05 Apr05 15:47,541.0,Aud_Psycho,True,Right,tStr,Left,Center,True,55.05406526083218,509.5,-9.284161257845483
3902,DAopto-05,DAopto-05 Apr05 15:47,541.0,Aud_Psycho,True,Right,tStr,Left,Center,True,55.05406526083218,514.5,-6.427018400702622
3903,DAopto-05,DAopto-05 Apr05 15:47,541.0,Aud_Psycho,True,Right,tStr,Left,Center,True,55.05406526083218,519.5,-5.4746374483216655
3904,DAopto-05,DAopto-05 Apr05 15:47,541.0,Aud_Psycho,True,Right,tStr,Left,Center,True,55.05406526083218,524.5,-17.61749459117881
4422,DAopto-06,merge,444.6666666666667,merge,True,Right,tStr,Left,Center,True,,75.5,0.0
4423,DAopto-06,merge,444.6666666666667,merge,True,Right,tStr,Left,Center,True,,149.5,5.027372950197119
4424,DAopto-06,merge,444.6666666666667,merge,True,Right,tStr,Left,Center,True,,154.5,6.52208194490611
4425,DAopto-06,merge,444.6666666666667,merge,True,Right,tStr,Left,Center,True,,159.5,7.2238616466858145
4426,DAopto-06,merge,444.6666666666667,merge,True,Right,tStr,Left,Center,True,,164.5,3.8005812234053926
4427,DAopto-06,merge,444.6666666666667,merge,True,Right,tStr,Left,Center,True,,169.5,15.47609089891506
4428,DAopto-06,merge,444.6666666666667,merge,True,Right,tStr,Left,Center,True,,174.5,15.000917923742092
4429,DAopto-06,merge,444.6666666666667,merge,True,Right,tStr,Left,Center,True,,179.5,11.964602387426558
4430,DAopto-06,merge,444.6666666666667,merge,True,Right,tStr,Left,Center,True,,184.5,9.78927771210188
4431,DAopto-06,merge,444.6666666666667,merge,True,Right,tStr,Left,Center,True,,189.5,8.506208929033095
4432,DAopto-06,merge,444.6666666666667,merge,True,Right,tStr,Left,Center,True,,194.5,4.42646592071866
4433,DAopto-06,merge,444.6666666666667,merge,True,Right,tStr,Left,Center,True,,199.5,5.913616336440505
4434,DAopto-06,merge,444.6666666666667,merge,True,Right,tStr,Left,Center,True,,204.5,5.172875595699761
4435,DAopto-06,merge,444.6666666666667,merge,True,Right,tStr,Left,Center,True,,209.5,5.38325604417545
4436,DAopto-06,merge,444.6666666666667,merge,True,Right,tStr,Left,Center,True,,214.5,9.157469433234777
4437,DAopto-06,merge,444.6666666666667,merge,True,Right,tStr,Left,Center,True,,219.5,10.65662465087739
4438,DAopto-06,merge,444.6666666666667,merge,True,Right,tStr,Left,Center,True,,224.5,9.987690410514576
4439,DAopto-06,merge,444.6666666666667,merge,True,Right,tStr,Left,Center,True,,229.5,12.240544768632091
4440,DAopto-06,merge,444.6666666666667,merge,True,Right,tStr,Left,Center,True,,234.5,8.907211435298757
4441,DAopto-06,merge,444.6666666666667,merge,True,Right,tStr,Left,Center,True,,239.5,13.268113690937858
4442,DAopto-06,merge,444.6666666666667,merge,True,Right,tStr,Left,Center,True,,244.5,11.139686562510734
4443,DAopto-06,merge,444.6666666666667,merge,True,Right,tStr,Left,Center,True,,249.5,4.21293606433166
4444,DAopto-06,merge,444.6666666666667,merge,True,Right,tStr,Left,Center,True,,254.5,7.69933062215479
4445,DAopto-06,merge,444.6666666666667,merge,True,Right,tStr,Left,Center,True,,259.5,7.83160575442992
4446,DAopto-06,merge,444.6666666666667,merge,True,Right,tStr,Left,Center,True,,264.5,7.157002579826752
4447,DAopto-06,merge,444.6666666666667,merge,True,Right,tStr,Left,Center,True,,269.5,4.220494643318811
4448,DAopto-06,merge,444.6666666666667,merge,True,Right,tStr,Left,Center,True,,274.5,3.4268438496680154
4449,DAopto-06,merge,444.6666666666667,merge,True,Right,tStr,Left,Center,True,,279.5,3.744304167128334
4450,DAopto-06,merge,444.6666666666667,merge,True,Right,tStr,Left,Center,True,,284.5,7.950653373477543
4451,DAopto-06,merge,444.6666666666667,merge,True,Right,tStr,Left,Center,True,,289.5,7.315732738556906
4452,DAopto-06,merge,444.6666666666667,merge,True,Right,tStr,Left,Center,True,,294.5,14.78326520608937
4453,DAopto-06,merge,513.5,merge,True,Right,tStr,Left,Center,True,,299.5,12.098790603197799
4454,DAopto-06,merge,513.5,merge,True,Right,tStr,Left,Center,True,,304.5,6.637481079388277
4455,DAopto-06,merge,513.5,merge,True,Right,tStr,Left,Center,True,,309.5,-0.7980347936275898
4456,DAopto-06,merge,513.5,merge,True,Right,tStr,Left,Center,True,,314.5,-4.363794430815801
4457,DAopto-06,merge,513.5,merge,True,Right,tStr,Left,Center,True,,319.5,-6.829780825373625
4458,DAopto-06,merge,513.5,merge,True,Right,tStr,Left,Center,True,,324.5,-1.6710506666434668
4459,DAopto-06,merge,513.5,merge,True,Right,tStr,Left,Center,True,,329.5,-1.557671981836215
4460,DAopto-06,merge,513.5,merge,True,Right,tStr,Left,Center,True,,334.5,-1.557671981836215
4461,DAopto-06,merge,513.5,merge,True,Right,tStr,Left,Center,True,,339.5,2.694028698435897
4462,DAopto-06,merge,513.5,merge,True,Right,tStr,Left,Center,True,,344.5,3.7762797806869735
4463,DAopto-06,merge,513.5,merge,True,Right,tStr,Left,Center,True,,349.5,-3.6641964097892163
4464,DAopto-06,merge,513.5,merge,True,Right,tStr,Left,Center,True,,354.5,6.979742984150185
4465,DAopto-06,merge,513.5,merge,True,Right,tStr,Left,Center,True,,359.5,6.662282666689869
4466,DAopto-06,merge,513.5,merge,True,Right,tStr,Left,Center,True,,364.5,1.6226001270073276
4467,DAopto-06,merge,513.5,merge,True,Right,tStr,Left,Center,True,,369.5,1.741647746054948
4468,DAopto-06,merge,513.5,merge,True,Right,tStr,Left,Center,True,,374.5,0.31307631748352094
4469,DAopto-06,merge,513.5,merge,True,Right,tStr,Left,Center,True,,379.5,-0.4195244151172197
4470,DAopto-06,merge,513.5,merge,True,Right,tStr,Left,Center,True,,384.5,3.368631873039071
4471,DAopto-06,merge,513.5,merge,True,Right,tStr,Left,Center,True,,389.5,9.688076317483517
4472,DAopto-06,merge,513.5,merge,True,Right,tStr,Left,Center,True,,394.5,9.519425523832723
4473,DAopto-06,merge,513.5,merge,True,Right,tStr,Left,Center,True,,399.5,7.059108063515257
4474,DAopto-06,merge,513.5,merge,True,Right,tStr,Left,Center,True,,404.5,9.360695365102565
4475,DAopto-06,merge,513.5,merge,True,Right,tStr,Left,Center,True,,409.5,15.108994684830453
4476,DAopto-06,merge,513.5,merge,True,Right,tStr,Left,Center,True,,414.5,16.682123936531134
4477,DAopto-06,merge,513.5,merge,True,Right,tStr,Left,Center,True,,419.5,11.91564042004762
4478,DAopto-06,merge,513.5,merge,True,Right,tStr,Left,Center,True,,424.5,14.92584450168027
4479,DAopto-06,merge,513.5,merge,True,Right,tStr,Left,Center,True,,429.5,15.194028698435897
4480,DAopto-06,merge,513.5,merge,True,Right,tStr,Left,Center,True,,434.5,15.194028698435897
4481,DAopto-06,merge,513.5,merge,True,Right,tStr,Left,Center,True,,439.5,14.490565494972692
4482,DAopto-06,merge,513.5,merge,True,Right,tStr,Left,Center,True,,444.5,13.289266793673995
4483,DAopto-06,merge,513.5,merge,True,Right,tStr,Left,Center,True,,449.5,11.078382439932497
4784,DAopto-06,DAopto-06 Apr07 16:22,563.0,Aud_Psycho,True,Right,tStr,Left,Center,True,64.63681459205756,454.5,15.317086700901093
4785,DAopto-06,DAopto-06 Apr07 16:22,563.0,Aud_Psycho,True,Right,tStr,Left,Center,True,64.63681459205756,459.5,2.340896224710619
4786,DAopto-06,DAopto-06 Apr07 16:22,563.0,Aud_Psycho,True,Right,tStr,Left,Center,True,64.63681459205756,464.5,-0.27815139433700153
4787,DAopto-06,DAopto-06 Apr07 16:22,563.0,Aud_Psycho,True,Right,tStr,Left,Center,True,64.63681459205756,469.5,4.655711039525428
4788,DAopto-06,DAopto-06 Apr07 16:22,563.0,Aud_Psycho,True,Right,tStr,Left,Center,True,64.63681459205756,474.5,2.340896224710619
4789,DAopto-06,DAopto-06 Apr07 16:22,563.0,Aud_Psycho,True,Right,tStr,Left,Center,True,64.63681459205756,479.5,0.026081409895795105
4790,DAopto-06,DAopto-06 Apr07 16:22,563.0,Aud_Psycho,True,Right,tStr,Left,Center,True,64.63681459205756,484.5,0.026081409895795105
4791,DAopto-06,DAopto-06 Apr07 16:22,563.0,Aud_Psycho,True,Right,tStr,Left,Center,True,64.63681459205756,489.5,6.507562891377283
4792,DAopto-06,DAopto-06 Apr07 16:22,563.0,Aud_Psycho,True,Right,tStr,Left,Center,True,64.63681459205756,494.5,4.424229558043955
4793,DAopto-06,DAopto-06 Apr07 16:22,563.0,Aud_Psycho,True,Right,tStr,Left,Center,True,64.63681459205756,499.5,-6.111484727670316
4794,DAopto-06,DAopto-06 Apr07 16:22,563.0,Aud_Psycho,True,Right,tStr,Left,Center,True,64.63681459205756,504.5,17.61867400248839
4795,DAopto-06,DAopto-06 Apr07 16:22,563.0,Aud_Psycho,True,Right,tStr,Left,Center,True,64.63681459205756,509.5,17.22184860566299
4796,DAopto-06,DAopto-06 Apr07 16:22,563.0,Aud_Psycho,True,Right,tStr,Left,Center,True,64.63681459205756,514.5,12.936134319948714
4797,DAopto-06,DAopto-06 Apr07 16:22,563.0,Aud_Psycho,True,Right,tStr,Left,Center,True,64.63681459205756,519.5,11.50756289137729
4798,DAopto-06,DAopto-06 Apr07 16:22,563.0,Aud_Psycho,True,Right,tStr,Left,Center,True,64.63681459205756,524.5,23.055181938996334
4799,DAopto-06,DAopto-06 Apr07 16:22,563.0,Aud_Psycho,True,Right,tStr,Left,Center,True,64.63681459205756,529.5,2.340896224710619
4800,DAopto-06,DAopto-06 Apr07 16:22,563.0,Aud_Psycho,True,Right,tStr,Left,Center,True,64.63681459205756,534.5,2.340896224710619
4801,DAopto-06,DAopto-06 Apr07 16:22,563.0,Aud_Psycho,True,Right,tStr,Left,Center,True,64.63681459205756,539.5,-6.11148472767033
4802,DAopto-06,DAopto-06 Apr07 16:22,563.0,Aud_Psycho,True,Right,tStr,Left,Center,True,64.63681459205756,544.5,-5.975430305901625
4803,DAopto-06,DAopto-06 Apr07 16:22,563.0,Aud_Psycho,True,Right,tStr,Left,Center,True,64.63681459205756,549.5,-11.213525543996866
5271,DAopto-07,merge,505.5,merge,True,Right,tStr,Left,Center,True,,75.5,0.0
5272,DAopto-07,merge,505.5,merge,True,Right,tStr,Left,Center,True,,149.5,0.5676688335139062
5273,DAopto-07,merge,505.5,merge,True,Right,tStr,Left,Center,True,,154.5,9.969378235223303
5274,DAopto-07,merge,505.5,merge,True,Right,tStr,Left,Center,True,,159.5,8.681499447344521
5275,DAopto-07,merge,505.5,merge,True,Right,tStr,Left,Center,True,,164.5,13.16867893452401
5276,DAopto-07,merge,505.5,merge,True,Right,tStr,Left,Center,True,,169.5,12.789891055736131
5277,DAopto-07,merge,505.5,merge,True,Right,tStr,Left,Center,True,,174.5,14.06830014664522
5278,DAopto-07,merge,505.5,merge,True,Right,tStr,Left,Center,True,,179.5,9.659638954895795
5279,DAopto-07,merge,505.5,merge,True,Right,tStr,Left,Center,True,,184.5,11.653527419372496
5280,DAopto-07,merge,505.5,merge,True,Right,tStr,Left,Center,True,,189.5,6.093462484307562
5281,DAopto-07,merge,505.5,merge,True,Right,tStr,Left,Center,True,,194.5,0.9644942303393016
5282,DAopto-07,merge,505.5,merge,True,Right,tStr,Left,Center,True,,199.5,-3.838896823051744
5283,DAopto-07,merge,505.5,merge,True,Right,tStr,Left,Center,True,,204.5,5.7191839850290584
5284,DAopto-07,merge,505.5,merge,True,Right,tStr,Left,Center,True,,209.5,6.321359587204661
5285,DAopto-07,merge,505.5,merge,True,Right,tStr,Left,Center,True,,214.5,9.847000612845687
5286,DAopto-07,merge,505.5,merge,True,Right,tStr,Left,Center,True,,219.5,11.274739540584616
5287,DAopto-07,merge,505.5,merge,True,Right,tStr,Left,Center,True,,224.5,10.569611335456411
5288,DAopto-07,merge,505.5,merge,True,Right,tStr,Left,Center,True,,229.5,8.176448942294016
5289,DAopto-07,merge,505.5,merge,True,Right,tStr,Left,Center,True,,234.5,13.39865728950237
5290,DAopto-07,merge,505.5,merge,True,Right,tStr,Left,Center,True,,239.5,17.071026586871664
5291,DAopto-07,merge,505.5,merge,True,Right,tStr,Left,Center,True,,244.5,23.751429517274595
5292,DAopto-07,merge,505.5,merge,True,Right,tStr,Left,Center,True,,249.5,19.544941560786636
5293,DAopto-07,merge,505.5,merge,True,Right,tStr,Left,Center,True,,254.5,20.933830449675526
5294,DAopto-07,merge,505.5,merge,True,Right,tStr,Left,Center,True,,259.5,18.238609004454077
5295,DAopto-07,merge,505.5,merge,True,Right,tStr,Left,Center,True,,264.5,12.591478357323428
5296,DAopto-07,merge,505.5,merge,True,Right,tStr,Left,Center,True,,269.5,9.191406207251282
5297,DAopto-07,merge,505.5,merge,True,Right,tStr,Left,Center,True,,274.5,7.7823985482436235
5298,DAopto-07,merge,505.5,merge,True,Right,tStr,Left,Center,True,,279.5,8.640731391870581
5299,DAopto-07,merge,505.5,merge,True,Right,tStr,Left,Center,True,,284.5,6.913822679667753
5300,DAopto-07,merge,505.5,merge,True,Right,tStr,Left,Center,True,,289.5,8.801795817640892
5301,DAopto-07,merge,505.5,merge,True,Right,tStr,Left,Center,True,,294.5,-1.2539082821808556
5302,DAopto-07,merge,505.5,merge,True,Right,tStr,Left,Center,True,,299.5,5.523025976371056
5303,DAopto-07,merge,505.5,merge,True,Right,tStr,Left,Center,True,,304.5,7.741814132659204
5304,DAopto-07,merge,505.5,merge,True,Right,tStr,Left,Center,True,,309.5,11.983267124112196
5305,DAopto-07,merge,505.5,merge,True,Right,tStr,Left,Center,True,,314.5,10.138375904220982
5306,DAopto-07,merge,505.5,merge,True,Right,tStr,Left,Center,True,,319.5,4.645951661796733
5307,DAopto-07,merge,505.5,merge,True,Right,tStr,Left,Center,True,,324.5,-2.9839184680733943
5308,DAopto-07,merge,505.5,merge,True,Right,tStr,Left,Center,True,,329.5,-4.0477157818707
5309,DAopto-07,merge,505.5,merge,True,Right,tStr,Left,Center,True,,334.5,-5.514304748459672
5310,DAopto-07,merge,505.5,merge,True,Right,tStr,Left,Center,True,,339.5,0.5875101033551786
5311,DAopto-07,merge,505.5,merge,True,Right,tStr,Left,Center,True,,344.5,-2.53062176477669
5312,DAopto-07,merge,505.5,merge,True,Right,tStr,Left,Center,True,,349.5,-3.5906034497583796
5313,DAopto-07,merge,505.5,merge,True,Right,tStr,Left,Center,True,,354.5,-9.710108944263872
5314,DAopto-07,merge,505.5,merge,True,Right,tStr,Left,Center,True,,359.5,-7.538391772546696
5315,DAopto-07,merge,505.5,merge,True,Right,tStr,Left,Center,True,,364.5,-7.929805913960834
5316,DAopto-07,merge,505.5,merge,True,Right,tStr,Left,Center,True,,369.5,-14.482836216991139
5317,DAopto-07,merge,505.5,merge,True,Right,tStr,Left,Center,True,,374.5,-17.361624095779018
5318,DAopto-07,merge,505.5,merge,True,Right,tStr,Left,Center,True,,379.5,-9.154553388708315
5319,DAopto-07,merge,505.5,merge,True,Right,tStr,Left,Center,True,,384.5,-15.335108944263865
5320,DAopto-07,merge,505.5,merge,True,Right,tStr,Left,Center,True,,389.5,-18.95614069029561
5321,DAopto-07,merge,505.5,merge,True,Right,tStr,Left,Center,True,,394.5,-5.751775610930537
5322,DAopto-07,merge,505.5,merge,True,Right,tStr,Left,Center,True,,399.5,-7.72292945708438
5323,DAopto-07,merge,505.5,merge,True,Right,tStr,Left,Center,True,,404.5,-14.154553388708315
5324,DAopto-07,merge,505.5,merge,True,Right,tStr,Left,Center,True,,409.5,-11.757620256481069
5325,DAopto-07,merge,505.5,merge,True,Right,tStr,Left,Center,True,,414.5,-9.937381671536603
5326,DAopto-07,merge,505.5,merge,True,Right,tStr,Left,Center,True,,419.5,-5.126775610930533
5327,DAopto-07,merge,505.5,merge,True,Right,tStr,Left,Center,True,,424.5,-0.37975180140672293
5328,DAopto-07,merge,505.5,merge,True,Right,tStr,Left,Center,True,,429.5,-2.0210333140117704
5329,DAopto-07,merge,505.5,merge,True,Right,tStr,Left,Center,True,,434.5,3.414891055736131
5330,DAopto-07,merge,505.5,merge,True,Right,tStr,Left,Center,True,,439.5,5.866814132659208
5331,DAopto-07,merge,505.5,merge,True,Right,tStr,Left,Center,True,,444.5,2.524739540584612
5332,DAopto-07,merge,505.5,merge,True,Right,tStr,Left,Center,True,,449.5,-0.6697049038598308
5333,DAopto-07,merge,505.5,merge,True,Right,tStr,Left,Center,True,,454.5,-2.6908781750331023
5334,DAopto-07,merge,505.5,merge,True,Right,tStr,Left,Center,True,,459.5,-3.371725105880028
5335,DAopto-07,merge,505.5,merge,True,Right,tStr,Left,Center,True,,464.5,-1.9828362169911458
5336,DAopto-07,merge,505.5,merge,True,Right,tStr,Left,Center,True,,469.5,2.3732243890694633
5337,DAopto-07,merge,505.5,merge,True,Right,tStr,Left,Center,True,,474.5,2.7607535265986094
5338,DAopto-07,merge,505.5,merge,True,Right,tStr,Left,Center,True,,479.5,1.8604038762489594
5339,DAopto-07,DAopto-07 Apr07 15:06,597.0,Auditory,True,Left,tStr,Right,Center,True,33.974358974358964,75.5,0.0
5340,DAopto-07,DAopto-07 Apr07 15:06,597.0,Auditory,True,Left,tStr,Right,Center,True,33.974358974358964,149.5,38.102093984446924
5341,DAopto-07,DAopto-07 Apr07 15:06,597.0,Auditory,True,Left,tStr,Right,Center,True,33.974358974358964,154.5,41.043270455035156
5342,DAopto-07,DAopto-07 Apr07 15:06,597.0,Auditory,True,Left,tStr,Right,Center,True,33.974358974358964,159.5,49.86679986679988
5343,DAopto-07,DAopto-07 Apr07 15:06,597.0,Auditory,True,Left,tStr,Right,Center,True,33.974358974358964,164.5,39.960039960039964
5344,DAopto-07,DAopto-07 Apr07 15:06,597.0,Auditory,True,Left,tStr,Right,Center,True,33.974358974358964,169.5,41.53346653346654
5345,DAopto-07,DAopto-07 Apr07 15:06,597.0,Auditory,True,Left,tStr,Right,Center,True,33.974358974358964,174.5,30.422355422355423
5346,DAopto-07,DAopto-07 Apr07 15:06,597.0,Auditory,True,Left,tStr,Right,Center,True,33.974358974358964,179.5,24.65312465312465
5347,DAopto-07,DAopto-07 Apr07 15:06,597.0,Auditory,True,Left,tStr,Right,Center,True,33.974358974358964,184.5,30.169830169830178
5348,DAopto-07,DAopto-07 Apr07 15:06,597.0,Auditory,True,Left,tStr,Right,Center,True,33.974358974358964,189.5,31.98801198801199
5349,DAopto-07,DAopto-07 Apr07 15:06,597.0,Auditory,True,Left,tStr,Right,Center,True,33.974358974358964,194.5,19.311244311244316
5350,DAopto-07,DAopto-07 Apr07 15:06,597.0,Auditory,True,Left,tStr,Right,Center,True,33.974358974358964,199.5,7.0637695637695685
5351,DAopto-07,DAopto-07 Apr07 15:06,597.0,Auditory,True,Left,tStr,Right,Center,True,33.974358974358964,204.5,16.918081918081924
5352,DAopto-07,DAopto-07 Apr07 15:06,597.0,Auditory,True,Left,tStr,Right,Center,True,33.974358974358964,209.5,1.9501332001332017
5353,DAopto-07,DAopto-07 Apr07 15:06,597.0,Auditory,True,Left,tStr,Right,Center,True,33.974358974358964,214.5,0.9084665334665374
5354,DAopto-07,DAopto-07 Apr07 15:06,597.0,Auditory,True,Left,tStr,Right,Center,True,33.974358974358964,219.5,16.533466533466537
5355,DAopto-07,DAopto-07 Apr07 15:06,597.0,Auditory,True,Left,tStr,Right,Center,True,33.974358974358964,224.5,32.247752247752246
5356,DAopto-07,DAopto-07 Apr07 15:06,597.0,Auditory,True,Left,tStr,Right,Center,True,33.974358974358964,229.5,24.866799866799866
5357,DAopto-07,DAopto-07 Apr07 15:06,597.0,Auditory,True,Left,tStr,Right,Center,True,33.974358974358964,234.5,34.715284715284724
5358,DAopto-07,DAopto-07 Apr07 15:06,597.0,Auditory,True,Left,tStr,Right,Center,True,33.974358974358964,239.5,36.23043623043624
5359,DAopto-07,DAopto-07 Apr07 15:06,597.0,Auditory,True,Left,tStr,Right,Center,True,33.974358974358964,244.5,25.119325119325126
5360,DAopto-07,DAopto-07 Apr07 15:06,597.0,Auditory,True,Left,tStr,Right,Center,True,33.974358974358964,249.5,32.69508269508269
5361,DAopto-07,DAopto-07 Apr07 15:06,597.0,Auditory,True,Left,tStr,Right,Center,True,33.974358974358964,254.5,23.676323676323676
5362,DAopto-07,DAopto-07 Apr07 15:06,597.0,Auditory,True,Left,tStr,Right,Center,True,33.974358974358964,259.5,14.033466533466537
5363,DAopto-07,DAopto-07 Apr07 15:06,597.0,Auditory,True,Left,tStr,Right,Center,True,33.974358974358964,264.5,18.048618048618053
5364,DAopto-07,DAopto-07 Apr07 15:06,597.0,Auditory,True,Left,tStr,Right,Center,True,33.974358974358964,269.5,10.851648351648365
5365,DAopto-07,DAopto-07 Apr07 15:06,597.0,Auditory,True,Left,tStr,Right,Center,True,33.974358974358964,274.5,-3.921078921078923
5366,DAopto-07,DAopto-07 Apr07 15:06,597.0,Auditory,True,Left,tStr,Right,Center,True,33.974358974358964,279.5,-9.23576423576423
5367,DAopto-07,DAopto-07 Apr07 15:06,597.0,Auditory,True,Left,tStr,Right,Center,True,33.974358974358964,284.5,-3.921078921078923
5368,DAopto-07,DAopto-07 Apr07 15:06,597.0,Auditory,True,Left,tStr,Right,Center,True,33.974358974358964,289.5,-10.87037962037962
5369,DAopto-07,DAopto-07 Apr07 15:06,597.0,Auditory,True,Left,tStr,Right,Center,True,33.974358974358964,294.5,-12.910977910977902
5370,DAopto-07,DAopto-07 Apr07 15:06,597.0,Auditory,True,Left,tStr,Right,Center,True,33.974358974358964,299.5,1.7607392607392711
5371,DAopto-07,DAopto-07 Apr07 15:06,597.0,Auditory,True,Left,tStr,Right,Center,True,33.974358974358964,304.5,7.644577644577659
5372,DAopto-07,DAopto-07 Apr07 15:06,597.0,Auditory,True,Left,tStr,Right,Center,True,33.974358974358964,309.5,8.596958596958608
5373,DAopto-07,DAopto-07 Apr07 15:06,597.0,Auditory,True,Left,tStr,Right,Center,True,33.974358974358964,314.5,14.885114885114895
5374,DAopto-07,DAopto-07 Apr07 15:06,597.0,Auditory,True,Left,tStr,Right,Center,True,33.974358974358964,319.5,20.7001332001332
5375,DAopto-07,DAopto-07 Apr07 15:06,597.0,Auditory,True,Left,tStr,Right,Center,True,33.974358974358964,324.5,9.462759462759479
5376,DAopto-07,DAopto-07 Apr07 15:06,597.0,Auditory,True,Left,tStr,Right,Center,True,33.974358974358964,329.5,15.81918081918083
5377,DAopto-07,DAopto-07 Apr07 15:06,597.0,Auditory,True,Left,tStr,Right,Center,True,33.974358974358964,334.5,16.533466533466537
5378,DAopto-07,DAopto-07 Apr07 15:06,597.0,Auditory,True,Left,tStr,Right,Center,True,33.974358974358964,339.5,5.42235542235543
5379,DAopto-07,DAopto-07 Apr07 15:06,597.0,Auditory,True,Left,tStr,Right,Center,True,33.974358974358964,344.5,2.6445776445776517
5380,DAopto-07,DAopto-07 Apr07 15:06,597.0,Auditory,True,Left,tStr,Right,Center,True,33.974358974358964,349.5,-2.9470529470529385
5381,DAopto-07,DAopto-07 Apr07 15:06,597.0,Auditory,True,Left,tStr,Right,Center,True,33.974358974358964,354.5,-2.1534021534021477
5382,DAopto-07,DAopto-07 Apr07 15:06,597.0,Auditory,True,Left,tStr,Right,Center,True,33.974358974358964,359.5,10.489510489510494
5383,DAopto-07,DAopto-07 Apr07 15:06,597.0,Auditory,True,Left,tStr,Right,Center,True,33.974358974358964,364.5,12.962037962037968
5384,DAopto-07,DAopto-07 Apr07 15:06,597.0,Auditory,True,Left,tStr,Right,Center,True,33.974358974358964,369.5,24.56918081918083
5385,DAopto-07,DAopto-07 Apr07 15:06,597.0,Auditory,True,Left,tStr,Right,Center,True,33.974358974358964,374.5,41.53346653346654
5386,DAopto-07,DAopto-07 Apr07 15:06,597.0,Auditory,True,Left,tStr,Right,Center,True,33.974358974358964,379.5,18.616799866799873
5387,DAopto-07,DAopto-07 Apr07 15:06,597.0,Auditory,True,Left,tStr,Right,Center,True,33.974358974358964,384.5,23.676323676323676
5388,DAopto-07,DAopto-07 Apr07 15:06,597.0,Auditory,True,Left,tStr,Right,Center,True,33.974358974358964,389.5,27.139527139527146
5389,DAopto-07,DAopto-07 Apr07 15:06,597.0,Auditory,True,Left,tStr,Right,Center,True,33.974358974358964,394.5,31.533466533466537
5390,DAopto-07,DAopto-07 Apr07 15:06,597.0,Auditory,True,Left,tStr,Right,Center,True,33.974358974358964,399.5,36.53346653346654
5391,DAopto-07,DAopto-07 Apr07 15:06,597.0,Auditory,True,Left,tStr,Right,Center,True,33.974358974358964,404.5,40.28346653346654
5392,DAopto-07,DAopto-07 Apr07 15:06,597.0,Auditory,True,Left,tStr,Right,Center,True,33.974358974358964,409.5,31.063381063381073
5393,DAopto-07,DAopto-07 Apr07 15:06,597.0,Auditory,True,Left,tStr,Right,Center,True,33.974358974358964,414.5,35.41458541458542
5394,DAopto-07,DAopto-07 Apr07 15:06,597.0,Auditory,True,Left,tStr,Right,Center,True,33.974358974358964,419.5,31.21878121878123
5395,DAopto-07,DAopto-07 Apr07 15:06,597.0,Auditory,True,Left,tStr,Right,Center,True,33.974358974358964,424.5,18.28171828171829
5396,DAopto-07,DAopto-07 Apr07 15:06,597.0,Auditory,True,Left,tStr,Right,Center,True,33.974358974358964,429.5,25.764235764235764
5397,DAopto-07,DAopto-07 Apr07 15:06,597.0,Auditory,True,Left,tStr,Right,Center,True,33.974358974358964,434.5,15.018315018315022
5398,DAopto-07,DAopto-07 Apr07 15:06,597.0,Auditory,True,Left,tStr,Right,Center,True,33.974358974358964,439.5,5.956543456543464
5399,DAopto-07,DAopto-07 Apr07 15:06,597.0,Auditory,True,Left,tStr,Right,Center,True,33.974358974358964,444.5,13.806193806193804
5400,DAopto-07,DAopto-07 Apr07 15:06,597.0,Auditory,True,Left,tStr,Right,Center,True,33.974358974358964,449.5,11.533466533466537
5401,DAopto-07,DAopto-07 Apr07 15:06,597.0,Auditory,True,Left,tStr,Right,Center,True,33.974358974358964,454.5,9.589022089022095
5402,DAopto-07,DAopto-07 Apr07 15:06,597.0,Auditory,True,Left,tStr,Right,Center,True,33.974358974358964,459.5,13.806193806193804
5403,DAopto-07,DAopto-07 Apr07 15:06,597.0,Auditory,True,Left,tStr,Right,Center,True,33.974358974358964,464.5,14.260739260739271
5404,DAopto-07,DAopto-07 Apr07 15:06,597.0,Auditory,True,Left,tStr,Right,Center,True,33.974358974358964,469.5,14.260739260739271
5405,DAopto-07,DAopto-07 Apr07 15:06,597.0,Auditory,True,Left,tStr,Right,Center,True,33.974358974358964,474.5,21.14885114885115
5406,DAopto-07,DAopto-07 Apr07 15:06,597.0,Auditory,True,Left,tStr,Right,Center,True,33.974358974358964,479.5,27.722277722277724
5407,DAopto-07,DAopto-07 Apr07 15:06,597.0,Auditory,True,Left,tStr,Right,Center,True,33.974358974358964,484.5,42.96203796203797
5408,DAopto-07,DAopto-07 Apr07 15:06,597.0,Auditory,True,Left,tStr,Right,Center,True,33.974358974358964,489.5,49.86679986679988
5409,DAopto-07,DAopto-07 Apr07 15:06,597.0,Auditory,True,Left,tStr,Right,Center,True,33.974358974358964,494.5,59.3906093906094
5410,DAopto-07,DAopto-07 Apr07 15:06,597.0,Auditory,True,Left,tStr,Right,Center,True,33.974358974358964,499.5,41.53346653346654
5411,DAopto-07,DAopto-07 Apr07 15:06,597.0,Auditory,True,Left,tStr,Right,Center,True,33.974358974358964,504.5,31.063381063381073
5412,DAopto-07,DAopto-07 Apr07 15:06,597.0,Auditory,True,Left,tStr,Right,Center,True,33.974358974358964,509.5,14.152514152514165
5413,DAopto-07,DAopto-07 Apr07 15:06,597.0,Auditory,True,Left,tStr,Right,Center,True,33.974358974358964,514.5,7.009657009657012
5414,DAopto-07,DAopto-07 Apr07 15:06,597.0,Auditory,True,Left,tStr,Right,Center,True,33.974358974358964,519.5,6.277056277056275
5415,DAopto-07,DAopto-07 Apr07 15:06,597.0,Auditory,True,Left,tStr,Right,Center,True,33.974358974358964,524.5,22.027972027972034
5416,DAopto-07,DAopto-07 Apr07 15:06,597.0,Auditory,True,Left,tStr,Right,Center,True,33.974358974358964,529.5,21.58397158397159
5417,DAopto-07,DAopto-07 Apr07 15:06,597.0,Auditory,True,Left,tStr,Right,Center,True,33.974358974358964,534.5,20.104895104895107
5418,DAopto-07,DAopto-07 Apr07 15:06,597.0,Auditory,True,Left,tStr,Right,Center,True,33.974358974358964,539.5,22.377622377622373
5419,DAopto-07,DAopto-07 Apr07 15:06,597.0,Auditory,True,Left,tStr,Right,Center,True,33.974358974358964,544.5,35.42235542235542
5420,DAopto-07,DAopto-07 Apr07 15:06,597.0,Auditory,True,Left,tStr,Right,Center,True,33.974358974358964,549.5,23.351648351648365
5421,DAopto-07,DAopto-07 Apr07 15:06,597.0,Auditory,True,Left,tStr,Right,Center,True,33.974358974358964,554.5,28.351648351648365
5422,DAopto-07,DAopto-07 Apr07 15:06,597.0,Auditory,True,Left,tStr,Right,Center,True,33.974358974358964,559.5,42.426323676323676
5423,DAopto-07,DAopto-07 Apr07 15:06,597.0,Auditory,True,Left,tStr,Right,Center,True,33.974358974358964,564.5,37.5156093906094
5424,DAopto-07,DAopto-07 Apr07 15:06,597.0,Auditory,True,Left,tStr,Right,Center,True,33.974358974358964,569.5,19.708069708069715
5425,DAopto-07,DAopto-07 Apr07 15:06,597.0,Auditory,True,Left,tStr,Right,Center,True,33.974358974358964,574.5,18.7656093906094
5426,DAopto-07,DAopto-07 Apr07 15:06,597.0,Auditory,True,Left,tStr,Right,Center,True,33.974358974358964,579.5,2.6445776445776517
5427,DAopto-07,DAopto-07 Apr07 15:06,597.0,Auditory,True,Left,tStr,Right,Center,True,33.974358974358964,584.5,-2.1173271173271146
5570,DAopto-07,DAopto-07 Apr11 16:32,515.0,Auditory,True,Right,tStr,Left,Center,True,48.611111111111114,484.5,-3.2022691705790223
5571,DAopto-07,DAopto-07 Apr11 16:32,515.0,Auditory,True,Right,tStr,Left,Center,True,48.611111111111114,489.5,-11.53560250391235
5572,DAopto-07,DAopto-07 Apr11 16:32,515.0,Auditory,True,Right,tStr,Left,Center,True,48.611111111111114,494.5,-11.952269170579022
5573,DAopto-07,DAopto-07 Apr11 16:32,515.0,Auditory,True,Right,tStr,Left,Center,True,48.611111111111114,499.5,-14.161865130174974
5965,DAopto-08,merge,478.5,merge,True,Left,tStr,Right,Center,True,,75.5,0.0
5966,DAopto-08,merge,478.5,merge,True,Left,tStr,Right,Center,True,,149.5,11.528040501929027
5967,DAopto-08,merge,478.5,merge,True,Left,tStr,Right,Center,True,,154.5,13.789945263833793
5968,DAopto-08,merge,478.5,merge,True,Left,tStr,Right,Center,True,,159.5,6.647088120976651
5969,DAopto-08,merge,478.5,merge,True,Left,tStr,Right,Center,True,,164.5,3.6708976447861694
5970,DAopto-08,merge,478.5,merge,True,Left,tStr,Right,Center,True,,169.5,10.377246851135375
5971,DAopto-08,merge,478.5,merge,True,Left,tStr,Right,Center,True,,174.5,-6.9243404504519255
5972,DAopto-08,merge,478.5,merge,True,Left,tStr,Right,Center,True,,179.5,-13.352911879023356
5973,DAopto-08,merge,478.5,merge,True,Left,tStr,Right,Center,True,,184.5,-15.85291187902336
5974,DAopto-08,merge,478.5,merge,True,Left,tStr,Right,Center,True,,189.5,-5.01957854569002
5975,DAopto-08,merge,478.5,merge,True,Left,tStr,Right,Center,True,,194.5,-29.662435688547166
5976,DAopto-08,merge,478.5,merge,True,Left,tStr,Right,Center,True,,199.5,-7.420372196483672
5977,DAopto-08,merge,478.5,merge,True,Left,tStr,Right,Center,True,,204.5,4.747995150455104
5978,DAopto-08,merge,478.5,merge,True,Left,tStr,Right,Center,True,,209.5,12.520103993992514
5979,DAopto-08,merge,478.5,merge,True,Left,tStr,Right,Center,True,,214.5,7.71851669240522
5980,DAopto-08,merge,478.5,merge,True,Left,tStr,Right,Center,True,,219.5,11.63008131825556
5981,DAopto-08,merge,478.5,merge,True,Left,tStr,Right,Center,True,,224.5,6.153890842065085
5982,DAopto-08,merge,478.5,merge,True,Left,tStr,Right,Center,True,,229.5,-0.3767214028328745
5983,DAopto-08,merge,478.5,merge,True,Left,tStr,Right,Center,True,,234.5,-15.317197593309068
5984,DAopto-08,merge,478.5,merge,True,Left,tStr,Right,Center,True,,239.5,-3.3529118790233525
5985,DAopto-08,merge,478.5,merge,True,Left,tStr,Right,Center,True,,244.5,1.5875643114528373
5986,DAopto-08,merge,478.5,merge,True,Left,tStr,Right,Center,True,,249.5,4.147088120976644
5987,DAopto-08,merge,478.5,merge,True,Left,tStr,Right,Center,True,,254.5,9.524072247960778
5988,DAopto-08,merge,478.5,merge,True,Left,tStr,Right,Center,True,,259.5,12.162961136849656
5989,DAopto-08,merge,478.5,merge,True,Left,tStr,Right,Center,True,,264.5,15.575659549548082
5990,DAopto-08,merge,478.5,merge,True,Left,tStr,Right,Center,True,,269.5,21.170897644786173
5991,DAopto-08,merge,478.5,merge,True,Left,tStr,Right,Center,True,,274.5,21.766135740024264
5992,DAopto-08,merge,478.5,merge,True,Left,tStr,Right,Center,True,,279.5,24.504230978119505
5993,DAopto-08,merge,478.5,merge,True,Left,tStr,Right,Center,True,,284.5,21.726453200341723
5994,DAopto-08,merge,478.5,merge,True,Left,tStr,Right,Center,True,,289.5,16.170897644786166
5995,DAopto-08,merge,478.5,merge,True,Left,tStr,Right,Center,True,,294.5,23.730421454309983
5996,DAopto-08,merge,478.5,merge,True,Left,tStr,Right,Center,True,,299.5,8.551850025738556
5997,DAopto-08,merge,478.5,merge,True,Left,tStr,Right,Center,True,,304.5,10.694707168595691
5998,DAopto-08,merge,478.5,merge,True,Left,tStr,Right,Center,True,,309.5,6.766135740024264
5999,DAopto-08,merge,478.5,merge,True,Left,tStr,Right,Center,True,,314.5,2.361373835262359
6000,DAopto-08,merge,478.5,merge,True,Left,tStr,Right,Center,True,,319.5,11.528040501929024
6001,DAopto-08,merge,478.5,merge,True,Left,tStr,Right,Center,True,,324.5,8.432802406690932
6002,DAopto-08,merge,478.5,merge,True,Left,tStr,Right,Center,True,,329.5,10.972484946373473
6003,DAopto-08,DAopto-08 Apr07 15:08,444.0,Aud_Psycho,True,Right,tStr,Left,Center,True,65.10009240272397,75.5,-0.0
6004,DAopto-08,DAopto-08 Apr07 15:08,444.0,Aud_Psycho,True,Right,tStr,Left,Center,True,65.10009240272397,149.5,3.3683056709372465
6005,DAopto-08,DAopto-08 Apr07 15:08,444.0,Aud_Psycho,True,Right,tStr,Left,Center,True,65.10009240272397,154.5,8.394760697392265
6006,DAopto-08,DAopto-08 Apr07 15:08,444.0,Aud_Psycho,True,Right,tStr,Left,Center,True,65.10009240272397,159.5,-11.049683747052185
6007,DAopto-08,DAopto-08 Apr07 15:08,444.0,Aud_Psycho,True,Right,tStr,Left,Center,True,65.10009240272397,164.5,-13.298360995729425
6008,DAopto-08,DAopto-08 Apr07 15:08,444.0,Aud_Psycho,True,Right,tStr,Left,Center,True,65.10009240272397,169.5,-16.076138773507196
6009,DAopto-08,DAopto-08 Apr07 15:08,444.0,Aud_Psycho,True,Right,tStr,Left,Center,True,65.10009240272397,174.5,-19.88566258303102
6010,DAopto-08,DAopto-08 Apr07 15:08,444.0,Aud_Psycho,True,Right,tStr,Left,Center,True,65.10009240272397,179.5,-13.695186392554817
6011,DAopto-08,DAopto-08 Apr07 15:08,444.0,Aud_Psycho,True,Right,tStr,Left,Center,True,65.10009240272397,184.5,-2.7428054401738677
6012,DAopto-08,DAopto-08 Apr07 15:08,444.0,Aud_Psycho,True,Right,tStr,Left,Center,True,65.10009240272397,189.5,-11.314234011602423
6013,DAopto-08,DAopto-08 Apr07 15:08,444.0,Aud_Psycho,True,Right,tStr,Left,Center,True,65.10009240272397,194.5,-21.234868932237376
6014,DAopto-08,DAopto-08 Apr07 15:08,444.0,Aud_Psycho,True,Right,tStr,Left,Center,True,65.10009240272397,199.5,-9.953689793915373
6015,DAopto-08,DAopto-08 Apr07 15:08,444.0,Aud_Psycho,True,Right,tStr,Left,Center,True,65.10009240272397,204.5,-3.2189959163643493
6016,DAopto-08,DAopto-08 Apr07 15:08,444.0,Aud_Psycho,True,Right,tStr,Left,Center,True,65.10009240272397,209.5,2.9714802741118476
6017,DAopto-08,DAopto-08 Apr07 15:08,444.0,Aud_Psycho,True,Right,tStr,Left,Center,True,65.10009240272397,214.5,4.161956464588037
6018,DAopto-08,DAopto-08 Apr07 15:08,444.0,Aud_Psycho,True,Right,tStr,Left,Center,True,65.10009240272397,219.5,10.114337416968993
6019,DAopto-08,DAopto-08 Apr07 15:08,444.0,Aud_Psycho,True,Right,tStr,Left,Center,True,65.10009240272397,224.5,12.495289797921366
6020,DAopto-08,DAopto-08 Apr07 15:08,444.0,Aud_Psycho,True,Right,tStr,Left,Center,True,65.10009240272397,229.5,7.733385036016607
6021,DAopto-08,DAopto-08 Apr07 15:08,444.0,Aud_Psycho,True,Right,tStr,Left,Center,True,65.10009240272397,234.5,10.114337416968993
6022,DAopto-08,DAopto-08 Apr07 15:08,444.0,Aud_Psycho,True,Right,tStr,Left,Center,True,65.10009240272397,239.5,2.9714802741118476
6023,DAopto-08,DAopto-08 Apr07 15:08,444.0,Aud_Psycho,True,Right,tStr,Left,Center,True,65.10009240272397,244.5,2.9714802741118476
6024,DAopto-08,DAopto-08 Apr07 15:08,444.0,Aud_Psycho,True,Right,tStr,Left,Center,True,65.10009240272397,249.5,3.447670750302322
6025,DAopto-08,DAopto-08 Apr07 15:08,444.0,Aud_Psycho,True,Right,tStr,Left,Center,True,65.10009240272397,254.5,6.542908845540424
6026,DAopto-08,DAopto-08 Apr07 15:08,444.0,Aud_Psycho,True,Right,tStr,Left,Center,True,65.10009240272397,259.5,11.066718369349942
6027,DAopto-08,DAopto-08 Apr07 15:08,444.0,Aud_Psycho,True,Right,tStr,Left,Center,True,65.10009240272397,264.5,11.781004083635658
6028,DAopto-08,DAopto-08 Apr07 15:08,444.0,Aud_Psycho,True,Right,tStr,Left,Center,True,65.10009240272397,269.5,13.447670750302322
6029,DAopto-08,DAopto-08 Apr07 15:08,444.0,Aud_Psycho,True,Right,tStr,Left,Center,True,65.10009240272397,274.5,20.114337416968993
6030,DAopto-08,DAopto-08 Apr07 15:08,444.0,Aud_Psycho,True,Right,tStr,Left,Center,True,65.10009240272397,279.5,19.638146940778512
6031,DAopto-08,DAopto-08 Apr07 15:08,444.0,Aud_Psycho,True,Right,tStr,Left,Center,True,65.10009240272397,284.5,28.20957551220708
6032,DAopto-08,DAopto-08 Apr07 15:08,444.0,Aud_Psycho,True,Right,tStr,Left,Center,True,65.10009240272397,289.5,32.73338503601661
6033,DAopto-08,DAopto-08 Apr07 15:08,444.0,Aud_Psycho,True,Right,tStr,Left,Center,True,65.10009240272397,294.5,26.781004083635665
6034,DAopto-08,DAopto-08 Apr07 15:08,444.0,Aud_Psycho,True,Right,tStr,Left,Center,True,65.10009240272397,299.5,20.82862313125471
6035,DAopto-08,DAopto-08 Apr07 15:08,444.0,Aud_Psycho,True,Right,tStr,Left,Center,True,65.10009240272397,304.5,7.733385036016607
6036,DAopto-08,DAopto-08 Apr07 15:08,444.0,Aud_Psycho,True,Right,tStr,Left,Center,True,65.10009240272397,309.5,-1.7904244877929187
6037,DAopto-08,DAopto-08 Apr07 15:08,444.0,Aud_Psycho,True,Right,tStr,Left,Center,True,65.10009240272397,314.5,0.5905278931594609
6038,DAopto-08,DAopto-08 Apr07 15:08,444.0,Aud_Psycho,True,Right,tStr,Left,Center,True,65.10009240272397,319.5,2.3762421788737527
6039,DAopto-08,DAopto-08 Apr07 15:08,444.0,Aud_Psycho,True,Right,tStr,Left,Center,True,65.10009240272397,324.5,-1.7904244877929187
6040,DAopto-08,DAopto-08 Apr07 15:08,444.0,Aud_Psycho,True,Right,tStr,Left,Center,True,65.10009240272397,329.5,-7.742805440173868
6041,DAopto-08,DAopto-08 Apr07 15:08,444.0,Aud_Psycho,True,Right,tStr,Left,Center,True,65.10009240272397,334.5,-19.29042448779292
6042,DAopto-08,DAopto-08 Apr07 15:08,444.0,Aud_Psycho,True,Right,tStr,Left,Center,True,65.10009240272397,339.5,-8.933281630650072
6043,DAopto-08,DAopto-08 Apr07 15:08,444.0,Aud_Psycho,True,Right,tStr,Left,Center,True,65.10009240272397,344.5,6.542908845540424
6044,DAopto-08,DAopto-08 Apr07 15:08,444.0,Aud_Psycho,True,Right,tStr,Left,Center,True,65.10009240272397,349.5,8.685765988397563
6045,DAopto-08,DAopto-08 Apr07 15:08,444.0,Aud_Psycho,True,Right,tStr,Left,Center,True,65.10009240272397,354.5,17.852432655064234
6046,DAopto-08,DAopto-08 Apr07 15:08,444.0,Aud_Psycho,True,Right,tStr,Left,Center,True,65.10009240272397,359.5,48.34846440109598
6047,DAopto-08,DAopto-08 Apr07 15:08,444.0,Aud_Psycho,True,Right,tStr,Left,Center,True,65.10009240272397,364.5,45.570686623318196
6048,DAopto-08,DAopto-08 Apr07 15:08,444.0,Aud_Psycho,True,Right,tStr,Left,Center,True,65.10009240272397,369.5,36.30481360744518
6049,DAopto-08,DAopto-08 Apr07 15:08,444.0,Aud_Psycho,True,Right,tStr,Left,Center,True,65.10009240272397,374.5,38.20957551220708
6050,DAopto-08,DAopto-08 Apr07 15:08,444.0,Aud_Psycho,True,Right,tStr,Left,Center,True,65.10009240272397,379.5,23.447670750302322
6051,DAopto-08,DAopto-08 Apr07 15:08,444.0,Aud_Psycho,True,Right,tStr,Left,Center,True,65.10009240272397,384.5,21.304813607445183
6052,DAopto-08,DAopto-08 Apr07 15:08,444.0,Aud_Psycho,True,Right,tStr,Left,Center,True,65.10009240272397,389.5,20.98735328998486
6053,DAopto-08,DAopto-08 Apr07 15:08,444.0,Aud_Psycho,True,Right,tStr,Left,Center,True,65.10009240272397,394.5,18.549711566628858
6054,DAopto-08,DAopto-08 Apr07 15:08,444.0,Aud_Psycho,True,Right,tStr,Left,Center,True,65.10009240272397,399.5,29.161956464588037
6055,DAopto-08,DAopto-08 Apr07 15:08,444.0,Aud_Psycho,True,Right,tStr,Left,Center,True,65.10009240272397,404.5,22.0190993217309
6056,DAopto-08,DAopto-08 Apr07 15:08,444.0,Aud_Psycho,True,Right,tStr,Left,Center,True,65.10009240272397,409.5,14.876242178873753
6057,DAopto-08,DAopto-08 Apr07 15:08,444.0,Aud_Psycho,True,Right,tStr,Left,Center,True,65.10009240272397,414.5,5.352432655064227
6058,DAopto-08,DAopto-08 Apr07 15:08,444.0,Aud_Psycho,True,Right,tStr,Left,Center,True,65.10009240272397,419.5,4.059915648261509
6059,DAopto-08,DAopto-08 Apr07 15:08,444.0,Aud_Psycho,True,Right,tStr,Left,Center,True,65.10009240272397,424.5,13.090527893159468
6060,DAopto-08,DAopto-08 Apr07 15:08,444.0,Aud_Psycho,True,Right,tStr,Left,Center,True,65.10009240272397,429.5,29.161956464588037
6099,DAopto-08,DAopto-08 Apr08 15:33,613.0,Aud_Psycho,True,Left,tStr,Right,Center,True,58.42700156985871,334.5,-19.082708296994014
6100,DAopto-08,DAopto-08 Apr08 15:33,613.0,Aud_Psycho,True,Left,tStr,Right,Center,True,58.42700156985871,339.5,-15.286412000697723
6101,DAopto-08,DAopto-08 Apr08 15:33,613.0,Aud_Psycho,True,Left,tStr,Right,Center,True,58.42700156985871,344.5,-34.40016861445433
6102,DAopto-08,DAopto-08 Apr08 15:33,613.0,Aud_Psycho,True,Left,tStr,Right,Center,True,58.42700156985871,349.5,-23.09064480493052
6103,DAopto-08,DAopto-08 Apr08 15:33,613.0,Aud_Psycho,True,Left,tStr,Right,Center,True,58.42700156985871,354.5,-16.90016861445433
6104,DAopto-08,DAopto-08 Apr08 15:33,613.0,Aud_Psycho,True,Left,tStr,Right,Center,True,58.42700156985871,359.5,-14.043025757311476
6105,DAopto-08,DAopto-08 Apr08 15:33,613.0,Aud_Psycho,True,Left,tStr,Right,Center,True,58.42700156985871,364.5,-21.265247979533697
6106,DAopto-08,DAopto-08 Apr08 15:33,613.0,Aud_Psycho,True,Left,tStr,Right,Center,True,58.42700156985871,369.5,-17.13826385254957
6107,DAopto-08,DAopto-08 Apr08 15:33,613.0,Aud_Psycho,True,Left,tStr,Right,Center,True,58.42700156985871,374.5,-15.550962265247982
6108,DAopto-08,DAopto-08 Apr08 15:33,613.0,Aud_Psycho,True,Left,tStr,Right,Center,True,58.42700156985871,379.5,-34.043025757311476
6109,DAopto-08,DAopto-08 Apr08 15:33,613.0,Aud_Psycho,True,Left,tStr,Right,Center,True,58.42700156985871,384.5,-26.66207337635909
6110,DAopto-08,DAopto-08 Apr08 15:33,613.0,Aud_Psycho,True,Left,tStr,Right,Center,True,58.42700156985871,389.5,-22.13826385254957
6111,DAopto-08,DAopto-08 Apr08 15:33,613.0,Aud_Psycho,True,Left,tStr,Right,Center,True,58.42700156985871,394.5,-21.304930519216235
6112,DAopto-08,DAopto-08 Apr08 15:33,613.0,Aud_Psycho,True,Left,tStr,Right,Center,True,58.42700156985871,399.5,-27.61445432874005
6113,DAopto-08,DAopto-08 Apr08 15:33,613.0,Aud_Psycho,True,Left,tStr,Right,Center,True,58.42700156985871,404.5,-13.05663119948835
6114,DAopto-08,DAopto-08 Apr08 15:33,613.0,Aud_Psycho,True,Left,tStr,Right,Center,True,58.42700156985871,409.5,-20.70969242397814
6115,DAopto-08,DAopto-08 Apr08 15:33,613.0,Aud_Psycho,True,Left,tStr,Right,Center,True,58.42700156985871,414.5,-12.852549566835279
6116,DAopto-08,DAopto-08 Apr08 15:33,613.0,Aud_Psycho,True,Left,tStr,Right,Center,True,58.42700156985871,419.5,0.7188790045932834
6117,DAopto-08,DAopto-08 Apr08 15:33,613.0,Aud_Psycho,True,Left,tStr,Right,Center,True,58.42700156985871,424.5,9.052212337926626
6118,DAopto-08,DAopto-08 Apr08 15:33,613.0,Aud_Psycho,True,Left,tStr,Right,Center,True,58.42700156985871,429.5,22.861736147450436
6119,DAopto-08,DAopto-08 Apr08 15:33,613.0,Aud_Psycho,True,Left,tStr,Right,Center,True,58.42700156985871,434.5,35.48078376649806
6120,DAopto-08,DAopto-08 Apr08 15:33,613.0,Aud_Psycho,True,Left,tStr,Right,Center,True,58.42700156985871,439.5,30.718879004593298
6121,DAopto-08,DAopto-08 Apr08 15:33,613.0,Aud_Psycho,True,Left,tStr,Right,Center,True,58.42700156985871,444.5,24.528402814117108
6122,DAopto-08,DAopto-08 Apr08 15:33,613.0,Aud_Psycho,True,Left,tStr,Right,Center,True,58.42700156985871,449.5,16.909355195069473
6123,DAopto-08,DAopto-08 Apr08 15:33,613.0,Aud_Psycho,True,Left,tStr,Right,Center,True,58.42700156985871,454.5,22.861736147450436
6124,DAopto-08,DAopto-08 Apr08 15:33,613.0,Aud_Psycho,True,Left,tStr,Right,Center,True,58.42700156985871,459.5,19.528402814117094
6125,DAopto-08,DAopto-08 Apr08 15:33,613.0,Aud_Psycho,True,Left,tStr,Right,Center,True,58.42700156985871,464.5,28.8141170998314
6126,DAopto-08,DAopto-08 Apr08 15:33,613.0,Aud_Psycho,True,Left,tStr,Right,Center,True,58.42700156985871,469.5,31.195069480783765
6127,DAopto-08,DAopto-08 Apr08 15:33,613.0,Aud_Psycho,True,Left,tStr,Right,Center,True,58.42700156985871,474.5,41.195069480783765
6128,DAopto-08,DAopto-08 Apr08 15:33,613.0,Aud_Psycho,True,Left,tStr,Right,Center,True,58.42700156985871,479.5,12.147450433164714
6129,DAopto-08,DAopto-08 Apr08 15:33,613.0,Aud_Psycho,True,Left,tStr,Right,Center,True,58.42700156985871,484.5,0.24268852840281596
6130,DAopto-08,DAopto-08 Apr08 15:33,613.0,Aud_Psycho,True,Left,tStr,Right,Center,True,58.42700156985871,489.5,9.052212337926626
6131,DAopto-08,DAopto-08 Apr08 15:33,613.0,Aud_Psycho,True,Left,tStr,Right,Center,True,58.42700156985871,494.5,8.099831385545677
6132,DAopto-08,DAopto-08 Apr08 15:33,613.0,Aud_Psycho,True,Left,tStr,Right,Center,True,58.42700156985871,499.5,6.2744345601488405
6133,DAopto-08,DAopto-08 Apr08 15:33,613.0,Aud_Psycho,True,Left,tStr,Right,Center,True,58.42700156985871,504.5,26.195069480783765
6134,DAopto-08,DAopto-08 Apr08 15:33,613.0,Aud_Psycho,True,Left,tStr,Right,Center,True,58.42700156985871,509.5,23.861736147450422
6135,DAopto-08,DAopto-08 Apr08 15:33,613.0,Aud_Psycho,True,Left,tStr,Right,Center,True,58.42700156985871,514.5,-1.598581312867033
6136,DAopto-08,DAopto-08 Apr08 15:33,613.0,Aud_Psycho,True,Left,tStr,Right,Center,True,58.42700156985871,519.5,-11.662073376359096
6137,DAopto-08,DAopto-08 Apr08 15:33,613.0,Aud_Psycho,True,Left,tStr,Right,Center,True,58.42700156985871,524.5,-18.32874004302576
6138,DAopto-08,DAopto-08 Apr08 15:33,613.0,Aud_Psycho,True,Left,tStr,Right,Center,True,58.42700156985871,529.5,-29.75731147159719
6139,DAopto-08,DAopto-08 Apr08 15:33,613.0,Aud_Psycho,True,Left,tStr,Right,Center,True,58.42700156985871,534.5,-29.75731147159719
6140,DAopto-08,DAopto-08 Apr08 15:33,613.0,Aud_Psycho,True,Left,tStr,Right,Center,True,58.42700156985871,539.5,-28.53282167567882
6141,DAopto-08,DAopto-08 Apr08 15:33,613.0,Aud_Psycho,True,Left,tStr,Right,Center,True,58.42700156985871,544.5,-28.24937496366068
6142,DAopto-08,DAopto-08 Apr08 15:33,613.0,Aud_Psycho,True,Left,tStr,Right,Center,True,58.42700156985871,549.5,-25.749374963660685
6143,DAopto-08,DAopto-08 Apr08 15:33,613.0,Aud_Psycho,True,Left,tStr,Right,Center,True,58.42700156985871,554.5,-24.043025757311476
6144,DAopto-08,DAopto-08 Apr08 15:33,613.0,Aud_Psycho,True,Left,tStr,Right,Center,True,58.42700156985871,559.5,-20.94778766207338
6145,DAopto-08,DAopto-08 Apr08 15:33,613.0,Aud_Psycho,True,Left,tStr,Right,Center,True,58.42700156985871,564.5,-23.09064480493052
6146,DAopto-08,DAopto-08 Apr08 15:33,613.0,Aud_Psycho,True,Left,tStr,Right,Center,True,58.42700156985871,569.5,-21.66207337635909
6147,DAopto-08,DAopto-08 Apr08 15:33,613.0,Aud_Psycho,True,Left,tStr,Right,Center,True,58.42700156985871,574.5,-23.09064480493052
6148,DAopto-08,DAopto-08 Apr08 15:33,613.0,Aud_Psycho,True,Left,tStr,Right,Center,True,58.42700156985871,579.5,-10.233501947787673
6149,DAopto-08,DAopto-08 Apr08 15:33,613.0,Aud_Psycho,True,Left,tStr,Right,Center,True,58.42700156985871,584.5,-13.09064480493052
6150,DAopto-08,DAopto-08 Apr08 15:33,613.0,Aud_Psycho,True,Left,tStr,Right,Center,True,58.42700156985871,589.5,-5.828740043025753
6151,DAopto-08,DAopto-08 Apr08 15:33,613.0,Aud_Psycho,True,Left,tStr,Right,Center,True,58.42700156985871,594.5,5.7784028141170936
6152,DAopto-08,DAopto-08 Apr08 15:33,613.0,Aud_Psycho,True,Left,tStr,Right,Center,True,58.42700156985871,599.5,9.732484446770165
6303,DAopto-09,merge,496.4,merge,True,Right,tStr,Left,Center,True,,75.5,0.0
6304,DAopto-09,merge,496.4,merge,True,Right,tStr,Left,Center,True,,149.5,-5.996249077687651
6305,DAopto-09,merge,496.4,merge,True,Right,tStr,Left,Center,True,,154.5,-5.197452636034065
6306,DAopto-09,merge,496.4,merge,True,Right,tStr,Left,Center,True,,159.5,-6.362745676327107
6307,DAopto-09,merge,496.4,merge,True,Right,tStr,Left,Center,True,,164.5,-0.6049778838954495
6308,DAopto-09,merge,496.4,merge,True,Right,tStr,Left,Center,True,,169.5,-0.9809429552386717
6309,DAopto-09,merge,496.4,merge,True,Right,tStr,Left,Center,True,,174.5,0.9606670220855904
6310,DAopto-09,merge,496.4,merge,True,Right,tStr,Left,Center,True,,179.5,-0.5527639913454238
6311,DAopto-09,merge,496.4,merge,True,Right,tStr,Left,Center,True,,184.5,-1.0353647239461523
6312,DAopto-09,merge,496.4,merge,True,Right,tStr,Left,Center,True,,189.5,4.369397180815751
6313,DAopto-09,merge,496.4,merge,True,Right,tStr,Left,Center,True,,194.5,5.762254323672896
6314,DAopto-09,merge,496.4,merge,True,Right,tStr,Left,Center,True,,199.5,9.372643934062507
6315,DAopto-09,merge,496.4,merge,True,Right,tStr,Left,Center,True,,204.5,2.557126118544693
6316,DAopto-09,merge,496.4,merge,True,Right,tStr,Left,Center,True,,209.5,-4.669924608506039
6317,DAopto-09,merge,496.4,merge,True,Right,tStr,Left,Center,True,,214.5,-2.57037600895744
6318,DAopto-09,merge,496.4,merge,True,Right,tStr,Left,Center,True,,219.5,2.4941890556076274
6319,DAopto-09,merge,496.4,merge,True,Right,tStr,Left,Center,True,,224.5,4.895953957372524
6320,DAopto-09,merge,496.4,merge,True,Right,tStr,Left,Center,True,,229.5,8.172510733929304
6321,DAopto-09,merge,496.4,merge,True,Right,tStr,Left,Center,True,,234.5,4.605815524376955
6322,DAopto-09,merge,496.4,merge,True,Right,tStr,Left,Center,True,,239.5,3.2425676611290917
6323,DAopto-09,merge,496.4,merge,True,Right,tStr,Left,Center,True,,244.5,1.6581520767135047
6324,DAopto-09,merge,496.4,merge,True,Right,tStr,Left,Center,True,,249.5,1.4885280499466205
6325,DAopto-09,merge,496.4,merge,True,Right,tStr,Left,Center,True,,254.5,-3.6324065709879982
6326,DAopto-09,merge,496.4,merge,True,Right,tStr,Left,Center,True,,259.5,-0.47151191009333643
6327,DAopto-09,merge,496.4,merge,True,Right,tStr,Left,Center,True,,264.5,-6.920895859477289
6328,DAopto-09,merge,496.4,merge,True,Right,tStr,Left,Center,True,,269.5,-2.8153347539161855
6329,DAopto-09,merge,496.4,merge,True,Right,tStr,Left,Center,True,,274.5,-8.259612698194122
6330,DAopto-09,merge,496.4,merge,True,Right,tStr,Left,Center,True,,279.5,-7.705999644581077
6331,DAopto-09,merge,496.4,merge,True,Right,tStr,Left,Center,True,,284.5,-4.888539327120756
6332,DAopto-09,merge,496.4,merge,True,Right,tStr,Left,Center,True,,289.5,-0.6809691195505494
6333,DAopto-09,merge,496.4,merge,True,Right,tStr,Left,Center,True,,294.5,2.3309356423542114
6334,DAopto-09,merge,496.4,merge,True,Right,tStr,Left,Center,True,,299.5,6.78822834964692
6335,DAopto-09,merge,496.4,merge,True,Right,tStr,Left,Center,True,,304.5,9.365428926847498
6336,DAopto-09,merge,496.4,merge,True,Right,tStr,Left,Center,True,,309.5,12.17567423709281
6337,DAopto-09,merge,539.75,merge,True,Right,tStr,Left,Center,True,,314.5,3.5272226664958817
6338,DAopto-09,merge,539.75,merge,True,Right,tStr,Left,Center,True,,319.5,9.668095682368898
6339,DAopto-09,merge,539.75,merge,True,Right,tStr,Left,Center,True,,324.5,12.210622599895814
6340,DAopto-09,merge,539.75,merge,True,Right,tStr,Left,Center,True,,329.5,9.201825841099055
6341,DAopto-09,merge,539.75,merge,True,Right,tStr,Left,Center,True,,334.5,8.40817504744826
6342,DAopto-09,merge,539.75,merge,True,Right,tStr,Left,Center,True,,339.5,8.558917162476092
6343,DAopto-09,merge,539.75,merge,True,Right,tStr,Left,Center,True,,344.5,10.592240981514196
6344,DAopto-09,merge,539.75,merge,True,Right,tStr,Left,Center,True,,349.5,9.167103618876835
6345,DAopto-09,merge,539.75,merge,True,Right,tStr,Left,Center,True,,354.5,6.5034131426863615
6346,DAopto-09,merge,539.75,merge,True,Right,tStr,Left,Center,True,,359.5,3.8645242537974696
6347,DAopto-09,merge,539.75,merge,True,Right,tStr,Left,Center,True,,364.5,2.2627926520658637
6348,DAopto-09,merge,539.75,merge,True,Right,tStr,Left,Center,True,,369.5,-1.3644134751402621
6349,DAopto-09,merge,539.75,merge,True,Right,tStr,Left,Center,True,,374.5,-0.5509085860051179
6350,DAopto-09,merge,539.75,merge,True,Right,tStr,Left,Center,True,,379.5,-1.9512571869839679
6351,DAopto-09,merge,539.75,merge,True,Right,tStr,Left,Center,True,,384.5,-3.7703963811231667
6352,DAopto-09,merge,539.75,merge,True,Right,tStr,Left,Center,True,,389.5,-0.8171135528403362
6353,DAopto-09,merge,539.75,merge,True,Right,tStr,Left,Center,True,,394.5,-6.3761477725888405
6354,DAopto-09,merge,539.75,merge,True,Right,tStr,Left,Center,True,,399.5,-3.2043790651058526
6355,DAopto-09,merge,539.75,merge,True,Right,tStr,Left,Center,True,,404.5,-5.609682095408881
6356,DAopto-09,merge,539.75,merge,True,Right,tStr,Left,Center,True,,409.5,0.42657331584653146
6357,DAopto-09,merge,539.75,merge,True,Right,tStr,Left,Center,True,,414.5,0.13436552363873755
6358,DAopto-09,merge,539.75,merge,True,Right,tStr,Left,Center,True,,419.5,-2.310620046346833
6359,DAopto-09,merge,539.75,merge,True,Right,tStr,Left,Center,True,,424.5,-4.983918969645751
6360,DAopto-09,merge,539.75,merge,True,Right,tStr,Left,Center,True,,429.5,-2.8006161613429477
6361,DAopto-09,merge,539.75,merge,True,Right,tStr,Left,Center,True,,434.5,-3.1309405988102412
6362,DAopto-09,merge,539.75,merge,True,Right,tStr,Left,Center,True,,439.5,0.3469505576523435
6363,DAopto-09,merge,539.75,merge,True,Right,tStr,Left,Center,True,,444.5,6.072058782760568
6364,DAopto-09,merge,539.75,merge,True,Right,tStr,Left,Center,True,,449.5,9.172063936337151
6365,DAopto-09,merge,615.5,merge,True,Right,tStr,Left,Center,True,,454.5,-4.4447215274282925
6366,DAopto-09,merge,615.5,merge,True,Right,tStr,Left,Center,True,,459.5,-4.80186438457115
6367,DAopto-09,merge,615.5,merge,True,Right,tStr,Left,Center,True,,464.5,-8.968531051237814
6368,DAopto-09,merge,615.5,merge,True,Right,tStr,Left,Center,True,,469.5,-14.920912003618763
6369,DAopto-09,merge,615.5,merge,True,Right,tStr,Left,Center,True,,474.5,-6.502544656679994
6370,DAopto-09,merge,615.5,merge,True,Right,tStr,Left,Center,True,,479.5,-11.077374588652788
6371,DAopto-09,merge,615.5,merge,True,Right,tStr,Left,Center,True,,484.5,-14.444721527428296
6372,DAopto-09,merge,615.5,merge,True,Right,tStr,Left,Center,True,,489.5,-7.539959622666391
6373,DAopto-09,merge,615.5,merge,True,Right,tStr,Left,Center,True,,494.5,-3.1351977179044823
6374,DAopto-09,merge,615.5,merge,True,Right,tStr,Left,Center,True,,499.5,-3.135197717904486
6375,DAopto-09,merge,615.5,merge,True,Right,tStr,Left,Center,True,,504.5,2.9362308535240835
6376,DAopto-09,merge,615.5,merge,True,Right,tStr,Left,Center,True,,509.5,-0.15900724171400782
6377,DAopto-09,merge,615.5,merge,True,Right,tStr,Left,Center,True,,514.5,-2.182816765523537
6378,DAopto-09,merge,615.5,merge,True,Right,tStr,Left,Center,True,,519.5,-13.849483432190201
6379,DAopto-09,merge,615.5,merge,True,Right,tStr,Left,Center,True,,524.5,-11.60741994012671
6380,DAopto-09,merge,615.5,merge,True,Right,tStr,Left,Center,True,,529.5,-13.194721527428289
6381,DAopto-09,merge,615.5,merge,True,Right,tStr,Left,Center,True,,534.5,-13.410141028562087
6382,DAopto-09,merge,615.5,merge,True,Right,tStr,Left,Center,True,,539.5,-6.012181844888612
6383,DAopto-09,merge,615.5,merge,True,Right,tStr,Left,Center,True,,544.5,-0.7542453369521063
6384,DAopto-09,merge,615.5,merge,True,Right,tStr,Left,Center,True,,549.5,-2.837578670285435
6385,DAopto-09,merge,615.5,merge,True,Right,tStr,Left,Center,True,,554.5,-2.0297555410337367
6386,DAopto-09,merge,615.5,merge,True,Right,tStr,Left,Center,True,,559.5,-4.226467559174328
6387,DAopto-09,merge,615.5,merge,True,Right,tStr,Left,Center,True,,564.5,-7.182816765523533
6388,DAopto-09,merge,615.5,merge,True,Right,tStr,Left,Center,True,,569.5,-6.706626289333048
6389,DAopto-09,merge,615.5,merge,True,Right,tStr,Left,Center,True,,574.5,-6.9447215274282925
6390,DAopto-09,merge,615.5,merge,True,Right,tStr,Left,Center,True,,579.5,-7.778054860761625
6391,DAopto-09,merge,615.5,merge,True,Right,tStr,Left,Center,True,,584.5,-4.5161500988568655
6705,DAopto-09,DAopto-09 Apr08 16:19,630.0,Aud_Psycho,True,Right,tStr,Left,Center,True,55.04595404595405,589.5,-13.389129389129394
6706,DAopto-09,DAopto-09 Apr08 16:19,630.0,Aud_Psycho,True,Right,tStr,Left,Center,True,55.04595404595405,594.5,-1.2462722462722482
6707,DAopto-09,DAopto-09 Apr08 16:19,630.0,Aud_Psycho,True,Right,tStr,Left,Center,True,55.04595404595405,599.5,1.1346801346801385
6708,DAopto-09,DAopto-09 Apr08 16:19,630.0,Aud_Psycho,True,Right,tStr,Left,Center,True,55.04595404595405,604.5,-1.7224627224627227
6709,DAopto-09,DAopto-09 Apr08 16:19,630.0,Aud_Psycho,True,Right,tStr,Left,Center,True,55.04595404595405,609.5,5.896584896584898
6710,DAopto-09,DAopto-09 Apr08 16:19,630.0,Aud_Psycho,True,Right,tStr,Left,Center,True,55.04595404595405,614.5,2.325156325156321
7065,DAopto-10,merge,506.0,merge,True,Right,tStr,Left,Center,True,,75.5,0.0
7066,DAopto-10,merge,506.0,merge,True,Right,tStr,Left,Center,True,,149.5,-12.307460985605672
7067,DAopto-10,merge,506.0,merge,True,Right,tStr,Left,Center,True,,154.5,-17.131724024154426
7068,DAopto-10,merge,506.0,merge,True,Right,tStr,Left,Center,True,,159.5,-17.19305158548199
7069,DAopto-10,merge,506.0,merge,True,Right,tStr,Left,Center,True,,164.5,-3.67934307177347
7070,DAopto-10,merge,506.0,merge,True,Right,tStr,Left,Center,True,,169.5,4.9168870869566845
7071,DAopto-10,merge,506.0,merge,True,Right,tStr,Left,Center,True,,174.5,4.852402959972556
7072,DAopto-10,merge,506.0,merge,True,Right,tStr,Left,Center,True,,179.5,5.60403694690066
7073,DAopto-10,merge,506.0,merge,True,Right,tStr,Left,Center,True,,184.5,10.566688674258272
7074,DAopto-10,merge,506.0,merge,True,Right,tStr,Left,Center,True,,189.5,8.70160930917891
7075,DAopto-10,merge,506.0,merge,True,Right,tStr,Left,Center,True,,194.5,8.93970454727415
7076,DAopto-10,merge,506.0,merge,True,Right,tStr,Left,Center,True,,199.5,4.852402959972558
7077,DAopto-10,merge,506.0,merge,True,Right,tStr,Left,Center,True,,204.5,3.9549670625366637
7078,DAopto-10,merge,506.0,merge,True,Right,tStr,Left,Center,True,,209.5,-0.26664465907505885
7079,DAopto-10,merge,506.0,merge,True,Right,tStr,Left,Center,True,,214.5,1.5020628239181413
7080,DAopto-10,merge,506.0,merge,True,Right,tStr,Left,Center,True,,219.5,1.7571648647344666
7081,DAopto-10,merge,506.0,merge,True,Right,tStr,Left,Center,True,,224.5,-2.2507716432020466
7082,DAopto-10,merge,506.0,merge,True,Right,tStr,Left,Center,True,,229.5,-5.648762541192937
7083,DAopto-10,merge,506.0,merge,True,Right,tStr,Left,Center,True,,234.5,-4.393628786059185
7084,DAopto-10,merge,506.0,merge,True,Right,tStr,Left,Center,True,,239.5,-9.31426370669411
7085,DAopto-10,merge,506.0,merge,True,Right,tStr,Left,Center,True,,244.5,-16.09997799240839
7086,DAopto-10,merge,506.0,merge,True,Right,tStr,Left,Center,True,,249.5,-17.941714687086268
7087,DAopto-10,merge,506.0,merge,True,Right,tStr,Left,Center,True,,254.5,-9.671406563836971
7088,DAopto-10,merge,506.0,merge,True,Right,tStr,Left,Center,True,,259.5,-2.0622795797099833
7089,DAopto-10,merge,506.0,merge,True,Right,tStr,Left,Center,True,,264.5,-4.748412890843294
7090,DAopto-10,merge,506.0,merge,True,Right,tStr,Left,Center,True,,269.5,3.2897988973685024
7091,DAopto-10,merge,506.0,merge,True,Right,tStr,Left,Center,True,,274.5,10.11214321971282
7092,DAopto-10,merge,506.0,merge,True,Right,tStr,Left,Center,True,,279.5,16.935736293305894
7093,DAopto-10,merge,506.0,merge,True,Right,tStr,Left,Center,True,,284.5,8.245260102829702
7094,DAopto-10,merge,506.0,merge,True,Right,tStr,Left,Center,True,,289.5,8.463514071083672
7095,DAopto-10,merge,506.0,merge,True,Right,tStr,Left,Center,True,,294.5,13.542879150448748
7096,DAopto-10,merge,506.0,merge,True,Right,tStr,Left,Center,True,,299.5,15.668729490584806
7097,DAopto-10,merge,506.0,merge,True,Right,tStr,Left,Center,True,,304.5,7.868275975845579
7098,DAopto-10,merge,506.0,merge,True,Right,tStr,Left,Center,True,,309.5,3.627913164054192
7099,DAopto-10,merge,506.0,merge,True,Right,tStr,Left,Center,True,,314.5,2.6471875404714247
7100,DAopto-10,merge,506.0,merge,True,Right,tStr,Left,Center,True,,319.5,2.2928791504487513
7101,DAopto-10,merge,506.0,merge,True,Right,tStr,Left,Center,True,,324.5,-7.736882754313154
7102,DAopto-10,merge,506.0,merge,True,Right,tStr,Left,Center,True,,329.5,-8.332120849551252
7103,DAopto-10,merge,506.0,merge,True,Right,tStr,Left,Center,True,,334.5,-9.184393576823982
7104,DAopto-10,merge,506.0,merge,True,Right,tStr,Left,Center,True,,339.5,-8.266026229885203
7105,DAopto-10,merge,506.0,merge,True,Right,tStr,Left,Center,True,,344.5,-7.647597040027435
7106,DAopto-10,merge,506.0,merge,True,Right,tStr,Left,Center,True,,349.5,-10.690526332956733
7107,DAopto-10,merge,506.0,merge,True,Right,tStr,Left,Center,True,,354.5,-4.94557683800724
7108,DAopto-10,merge,506.0,merge,True,Right,tStr,Left,Center,True,,359.5,-4.920324312754715
7109,DAopto-10,merge,506.0,merge,True,Right,tStr,Left,Center,True,,364.5,-6.104140496570896
7110,DAopto-10,merge,506.0,merge,True,Right,tStr,Left,Center,True,,369.5,-10.683311325741727
7111,DAopto-10,merge,506.0,merge,True,Right,tStr,Left,Center,True,,374.5,-8.871373263803665
7112,DAopto-10,merge,506.0,merge,True,Right,tStr,Left,Center,True,,379.5,-21.631113523543917
7113,DAopto-10,merge,506.0,merge,True,Right,tStr,Left,Center,True,,384.5,-16.017560409990804
7114,DAopto-10,merge,506.0,merge,True,Right,tStr,Left,Center,True,,389.5,-13.015562407992807
7115,DAopto-10,merge,506.0,merge,True,Right,tStr,Left,Center,True,,394.5,-8.707578725009125
7116,DAopto-10,merge,506.0,merge,True,Right,tStr,Left,Center,True,,399.5,-6.944133836564234
7117,DAopto-10,merge,506.0,merge,True,Right,tStr,Left,Center,True,,404.5,-5.147597040027442
7118,DAopto-10,merge,506.0,merge,True,Right,tStr,Left,Center,True,,409.5,-3.7587081511385563
7119,DAopto-10,merge,506.0,merge,True,Right,tStr,Left,Center,True,,414.5,0.2889108964804912
7120,DAopto-10,merge,506.0,merge,True,Right,tStr,Left,Center,True,,419.5,-4.155533547963945
7121,DAopto-10,merge,506.0,merge,True,Right,tStr,Left,Center,True,,424.5,-1.6531992809237934
7122,DAopto-10,merge,506.0,merge,True,Right,tStr,Left,Center,True,,429.5,-2.6475970400274385
7123,DAopto-10,merge,506.0,merge,True,Right,tStr,Left,Center,True,,434.5,-5.079569829143086
7124,DAopto-10,merge,506.0,merge,True,Right,tStr,Left,Center,True,,439.5,-5.674807924381181
7125,DAopto-10,merge,506.0,merge,True,Right,tStr,Left,Center,True,,444.5,4.911926769496368
7126,DAopto-10,merge,506.0,merge,True,Right,tStr,Left,Center,True,,449.5,6.686818544388148
7127,DAopto-10,merge,506.0,merge,True,Right,tStr,Left,Center,True,,454.5,0.10881321638281705
7128,DAopto-10,merge,506.0,merge,True,Right,tStr,Left,Center,True,,459.5,-21.23345562588603
7129,DAopto-10,merge,506.0,merge,True,Right,tStr,Left,Center,True,,464.5,-20.286485928916328
7130,DAopto-10,merge,506.0,merge,True,Right,tStr,Left,Center,True,,469.5,-26.6782092849254
7131,DAopto-10,merge,506.0,merge,True,Right,tStr,Left,Center,True,,474.5,-20.05193377472132
7132,DAopto-10,merge,506.0,merge,True,Right,tStr,Left,Center,True,,479.5,-2.984898627329027
7319,DAopto-10,DAopto-10 Apr08 16:22,517.0,Auditory,True,Right,tStr,Left,Center,True,50.38610038610038,484.5,4.737986518808427
7320,DAopto-10,DAopto-10 Apr08 16:22,517.0,Auditory,True,Right,tStr,Left,Center,True,50.38610038610038,489.5,-0.18264840182649067
7321,DAopto-10,DAopto-10 Apr08 16:22,517.0,Auditory,True,Right,tStr,Left,Center,True,50.38610038610038,494.5,2.430294211116113
7322,DAopto-10,DAopto-10 Apr08 16:22,517.0,Auditory,True,Right,tStr,Left,Center,True,50.38610038610038,499.5,3.6268754076973124
7323,DAopto-10,DAopto-10 Apr08 16:22,517.0,Auditory,True,Right,tStr,Left,Center,True,50.38610038610038,504.5,-4.251912471090556
7368,DAopto-10,DAopto-10 Apr12 15:54,338.0,Aud_Psycho,True,Left,tStr,Right,Center,True,50.416557127083436,75.5,0.0
7369,DAopto-10,DAopto-10 Apr12 15:54,338.0,Aud_Psycho,True,Left,tStr,Right,Center,True,50.416557127083436,149.5,-15.297509508035816
7370,DAopto-10,DAopto-10 Apr12 15:54,338.0,Aud_Psycho,True,Left,tStr,Right,Center,True,50.416557127083436,154.5,-18.15465236517867
7371,DAopto-10,DAopto-10 Apr12 15:54,338.0,Aud_Psycho,True,Left,tStr,Right,Center,True,50.416557127083436,159.5,-13.39274760327391
7372,DAopto-10,DAopto-10 Apr12 15:54,338.0,Aud_Psycho,True,Left,tStr,Right,Center,True,50.416557127083436,164.5,-10.535604746131057
7373,DAopto-10,DAopto-10 Apr12 15:54,338.0,Aud_Psycho,True,Left,tStr,Right,Center,True,50.416557127083436,169.5,16.607252396726082
7374,DAopto-10,DAopto-10 Apr12 15:54,338.0,Aud_Psycho,True,Left,tStr,Right,Center,True,50.416557127083436,174.5,17.083442872916564
7375,DAopto-10,DAopto-10 Apr12 15:54,338.0,Aud_Psycho,True,Left,tStr,Right,Center,True,50.416557127083436,179.5,36.607252396726096
7376,DAopto-10,DAopto-10 Apr12 15:54,338.0,Aud_Psycho,True,Left,tStr,Right,Center,True,50.416557127083436,184.5,42.559633349107045
7377,DAopto-10,DAopto-10 Apr12 15:54,338.0,Aud_Psycho,True,Left,tStr,Right,Center,True,50.416557127083436,189.5,31.845347634821323
7378,DAopto-10,DAopto-10 Apr12 15:54,338.0,Aud_Psycho,True,Left,tStr,Right,Center,True,50.416557127083436,194.5,23.51201430148801
7379,DAopto-10,DAopto-10 Apr12 15:54,338.0,Aud_Psycho,True,Left,tStr,Right,Center,True,50.416557127083436,199.5,17.797728587202286
7380,DAopto-10,DAopto-10 Apr12 15:54,338.0,Aud_Psycho,True,Left,tStr,Right,Center,True,50.416557127083436,204.5,0.6548714443451402
7381,DAopto-10,DAopto-10 Apr12 15:54,338.0,Aud_Psycho,True,Left,tStr,Right,Center,True,50.416557127083436,209.5,-17.440366650892962
7382,DAopto-10,DAopto-10 Apr12 15:54,338.0,Aud_Psycho,True,Left,tStr,Right,Center,True,50.416557127083436,214.5,-13.15465236517867
7383,DAopto-10,DAopto-10 Apr12 15:54,338.0,Aud_Psycho,True,Left,tStr,Right,Center,True,50.416557127083436,219.5,-15.77369998422629
7384,DAopto-10,DAopto-10 Apr12 15:54,338.0,Aud_Psycho,True,Left,tStr,Right,Center,True,50.416557127083436,224.5,-18.15465236517867
7385,DAopto-10,DAopto-10 Apr12 15:54,338.0,Aud_Psycho,True,Left,tStr,Right,Center,True,50.416557127083436,229.5,-10.059414269940575
7386,DAopto-10,DAopto-10 Apr12 15:54,338.0,Aud_Psycho,True,Left,tStr,Right,Center,True,50.416557127083436,234.5,-1.9641761747024802
7387,DAopto-10,DAopto-10 Apr12 15:54,338.0,Aud_Psycho,True,Left,tStr,Right,Center,True,50.416557127083436,239.5,2.083442872916571
7388,DAopto-10,DAopto-10 Apr12 15:54,338.0,Aud_Psycho,True,Left,tStr,Right,Center,True,50.416557127083436,244.5,3.03582382529752
7389,DAopto-10,DAopto-10 Apr12 15:54,338.0,Aud_Psycho,True,Left,tStr,Right,Center,True,50.416557127083436,249.5,3.8691571586308484
7390,DAopto-10,DAopto-10 Apr12 15:54,338.0,Aud_Psycho,True,Left,tStr,Right,Center,True,50.416557127083436,254.5,-17.797509508035816
7391,DAopto-10,DAopto-10 Apr12 15:54,338.0,Aud_Psycho,True,Left,tStr,Right,Center,True,50.416557127083436,259.5,-8.630842841369152
7392,DAopto-10,DAopto-10 Apr12 15:54,338.0,Aud_Psycho,True,Left,tStr,Right,Center,True,50.416557127083436,264.5,-8.630842841369152
7393,DAopto-10,DAopto-10 Apr12 15:54,338.0,Aud_Psycho,True,Left,tStr,Right,Center,True,50.416557127083436,269.5,-16.96417617470248
7394,DAopto-10,DAopto-10 Apr12 15:54,338.0,Aud_Psycho,True,Left,tStr,Right,Center,True,50.416557127083436,274.5,-18.15465236517867
7395,DAopto-10,DAopto-10 Apr12 15:54,338.0,Aud_Psycho,True,Left,tStr,Right,Center,True,50.416557127083436,279.5,-25.297509508035816
7396,DAopto-10,DAopto-10 Apr12 15:54,338.0,Aud_Psycho,True,Left,tStr,Right,Center,True,50.416557127083436,284.5,-19.741953952480262
7397,DAopto-10,DAopto-10 Apr12 15:54,338.0,Aud_Psycho,True,Left,tStr,Right,Center,True,50.416557127083436,289.5,-12.202271412797721
7398,DAopto-10,DAopto-10 Apr12 15:54,338.0,Aud_Psycho,True,Left,tStr,Right,Center,True,50.416557127083436,294.5,-24.34512855565486
7399,DAopto-10,DAopto-10 Apr12 15:54,338.0,Aud_Psycho,True,Left,tStr,Right,Center,True,50.416557127083436,299.5,-32.440366650892955
7400,DAopto-10,DAopto-10 Apr12 15:54,338.0,Aud_Psycho,True,Left,tStr,Right,Center,True,50.416557127083436,304.5,-13.491953952480266
7401,DAopto-10,DAopto-10 Apr12 15:54,338.0,Aud_Psycho,True,Left,tStr,Right,Center,True,50.416557127083436,309.5,-13.630842841369152
7402,DAopto-10,DAopto-10 Apr12 15:54,338.0,Aud_Psycho,True,Left,tStr,Right,Center,True,50.416557127083436,314.5,-20.05941426994058
7403,DAopto-10,DAopto-10 Apr12 15:54,338.0,Aud_Psycho,True,Left,tStr,Right,Center,True,50.416557127083436,319.5,-13.39274760327391
7404,DAopto-10,DAopto-10 Apr12 15:54,338.0,Aud_Psycho,True,Left,tStr,Right,Center,True,50.416557127083436,324.5,-20.773699984226297
297,DAopto-01,DAopto-01 Apr05 14:04,432.0,Aud_Psycho,True,Right,tStr_shuff,Left,Center,True,62.882785451858055,75.5,-0.0
298,DAopto-01,DAopto-01 Apr05 14:04,432.0,Aud_Psycho,True,Right,tStr_shuff,Left,Center,True,62.882785451858055,149.5,-25.670328101255514
299,DAopto-01,DAopto-01 Apr05 14:04,432.0,Aud_Psycho,True,Right,tStr_shuff,Left,Center,True,62.882785451858055,154.5,-29.241756672684083
300,DAopto-01,DAopto-01 Apr05 14:04,432.0,Aud_Psycho,True,Right,tStr_shuff,Left,Center,True,62.882785451858055,159.5,-31.62270905363645
301,DAopto-01,DAopto-01 Apr05 14:04,432.0,Aud_Psycho,True,Right,tStr_shuff,Left,Center,True,62.882785451858055,164.5,-26.384613815541222
302,DAopto-01,DAopto-01 Apr05 14:04,432.0,Aud_Psycho,True,Right,tStr_shuff,Left,Center,True,62.882785451858055,169.5,-27.405021978806523
303,DAopto-01,DAopto-01 Apr05 14:04,432.0,Aud_Psycho,True,Right,tStr_shuff,Left,Center,True,62.882785451858055,174.5,-23.884613815541222
304,DAopto-01,DAopto-01 Apr05 14:04,432.0,Aud_Psycho,True,Right,tStr_shuff,Left,Center,True,62.882785451858055,179.5,-12.813185244112653
305,DAopto-01,DAopto-01 Apr05 14:04,432.0,Aud_Psycho,True,Right,tStr_shuff,Left,Center,True,62.882785451858055,184.5,-3.0512804822078934
306,DAopto-01,DAopto-01 Apr05 14:04,432.0,Aud_Psycho,True,Right,tStr_shuff,Left,Center,True,62.882785451858055,189.5,-4.241756672684083
307,DAopto-01,DAopto-01 Apr05 14:04,432.0,Aud_Psycho,True,Right,tStr_shuff,Left,Center,True,62.882785451858055,194.5,-4.241756672684083
308,DAopto-01,DAopto-01 Apr05 14:04,432.0,Aud_Psycho,True,Right,tStr_shuff,Left,Center,True,62.882785451858055,199.5,-3.527470958398361
309,DAopto-01,DAopto-01 Apr05 14:04,432.0,Aud_Psycho,True,Right,tStr_shuff,Left,Center,True,62.882785451858055,204.5,-0.6703281012555138
310,DAopto-01,DAopto-01 Apr05 14:04,432.0,Aud_Psycho,True,Right,tStr_shuff,Left,Center,True,62.882785451858055,209.5,1.710624279696873
311,DAopto-01,DAopto-01 Apr05 14:04,432.0,Aud_Psycho,True,Right,tStr_shuff,Left,Center,True,62.882785451858055,214.5,0.5201480892206902
312,DAopto-01,DAopto-01 Apr05 14:04,432.0,Aud_Psycho,True,Right,tStr_shuff,Left,Center,True,62.882785451858055,219.5,5.758243327315924
313,DAopto-01,DAopto-01 Apr05 14:04,432.0,Aud_Psycho,True,Right,tStr_shuff,Left,Center,True,62.882785451858055,224.5,2.1868147558873403
314,DAopto-01,DAopto-01 Apr05 14:04,432.0,Aud_Psycho,True,Right,tStr_shuff,Left,Center,True,62.882785451858055,229.5,0.18001203479890648
315,DAopto-01,DAopto-01 Apr05 14:04,432.0,Aud_Psycho,True,Right,tStr_shuff,Left,Center,True,62.882785451858055,234.5,-9.003661434588842
316,DAopto-01,DAopto-01 Apr05 14:04,432.0,Aud_Psycho,True,Right,tStr_shuff,Left,Center,True,62.882785451858055,239.5,7.3228691776560595
317,DAopto-01,DAopto-01 Apr05 14:04,432.0,Aud_Psycho,True,Right,tStr_shuff,Left,Center,True,62.882785451858055,244.5,-5.392550323477728
318,DAopto-01,DAopto-01 Apr05 14:04,432.0,Aud_Psycho,True,Right,tStr_shuff,Left,Center,True,62.882785451858055,249.5,-0.07509000601740468
319,DAopto-01,DAopto-01 Apr05 14:04,432.0,Aud_Psycho,True,Right,tStr_shuff,Left,Center,True,62.882785451858055,254.5,0.916973486046075
320,DAopto-01,DAopto-01 Apr05 14:04,432.0,Aud_Psycho,True,Right,tStr_shuff,Left,Center,True,62.882785451858055,259.5,5.698719517792114
321,DAopto-01,DAopto-01 Apr05 14:04,432.0,Aud_Psycho,True,Right,tStr_shuff,Left,Center,True,62.882785451858055,264.5,3.8931639622365566
322,DAopto-01,DAopto-01 Apr05 14:04,432.0,Aud_Psycho,True,Right,tStr_shuff,Left,Center,True,62.882785451858055,269.5,4.250306819379411
323,DAopto-01,DAopto-01 Apr05 14:04,432.0,Aud_Psycho,True,Right,tStr_shuff,Left,Center,True,62.882785451858055,274.5,-6.146518577445981
324,DAopto-01,DAopto-01 Apr05 14:04,432.0,Aud_Psycho,True,Right,tStr_shuff,Left,Center,True,62.882785451858055,279.5,-9.956042386969791
325,DAopto-01,DAopto-01 Apr05 14:04,432.0,Aud_Psycho,True,Right,tStr_shuff,Left,Center,True,62.882785451858055,284.5,-7.813185244112653
326,DAopto-01,DAopto-01 Apr05 14:04,432.0,Aud_Psycho,True,Right,tStr_shuff,Left,Center,True,62.882785451858055,289.5,4.6868147558873545
327,DAopto-01,DAopto-01 Apr05 14:04,432.0,Aud_Psycho,True,Right,tStr_shuff,Left,Center,True,62.882785451858055,294.5,-1.8608042917317036
328,DAopto-01,DAopto-01 Apr05 14:04,432.0,Aud_Psycho,True,Right,tStr_shuff,Left,Center,True,62.882785451858055,299.5,5.282052851125442
329,DAopto-01,DAopto-01 Apr05 14:04,432.0,Aud_Psycho,True,Right,tStr_shuff,Left,Center,True,62.882785451858055,304.5,-6.225883656811057
330,DAopto-01,DAopto-01 Apr05 14:04,432.0,Aud_Psycho,True,Right,tStr_shuff,Left,Center,True,62.882785451858055,309.5,-20.180910111837512
331,DAopto-01,DAopto-01 Apr05 14:04,432.0,Aud_Psycho,True,Right,tStr_shuff,Left,Center,True,62.882785451858055,314.5,-8.52747095839836
332,DAopto-01,DAopto-01 Apr05 14:04,432.0,Aud_Psycho,True,Right,tStr_shuff,Left,Center,True,62.882785451858055,319.5,-10.874409733908585
333,DAopto-01,DAopto-01 Apr05 14:04,432.0,Aud_Psycho,True,Right,tStr_shuff,Left,Center,True,62.882785451858055,324.5,-9.241756672684083
334,DAopto-01,DAopto-01 Apr05 14:04,432.0,Aud_Psycho,True,Right,tStr_shuff,Left,Center,True,62.882785451858055,329.5,-7.813185244112653
335,DAopto-01,DAopto-01 Apr05 14:04,432.0,Aud_Psycho,True,Right,tStr_shuff,Left,Center,True,62.882785451858055,334.5,-10.194137625065032
336,DAopto-01,DAopto-01 Apr05 14:04,432.0,Aud_Psycho,True,Right,tStr_shuff,Left,Center,True,62.882785451858055,339.5,11.234433803506406
337,DAopto-01,DAopto-01 Apr05 14:04,432.0,Aud_Psycho,True,Right,tStr_shuff,Left,Center,True,62.882785451858055,344.5,6.948719517792114
338,DAopto-01,DAopto-01 Apr05 14:04,432.0,Aud_Psycho,True,Right,tStr_shuff,Left,Center,True,62.882785451858055,349.5,2.9011004701730627
339,DAopto-01,DAopto-01 Apr05 14:04,432.0,Aud_Psycho,True,Right,tStr_shuff,Left,Center,True,62.882785451858055,354.5,-13.051280482207893
340,DAopto-01,DAopto-01 Apr05 14:04,432.0,Aud_Psycho,True,Right,tStr_shuff,Left,Center,True,62.882785451858055,359.5,-18.52747095839836
341,DAopto-01,DAopto-01 Apr05 14:04,432.0,Aud_Psycho,True,Right,tStr_shuff,Left,Center,True,62.882785451858055,364.5,-16.146518577445967
342,DAopto-01,DAopto-01 Apr05 14:04,432.0,Aud_Psycho,True,Right,tStr_shuff,Left,Center,True,62.882785451858055,369.5,-11.384613815541222
343,DAopto-01,DAopto-01 Apr05 14:04,432.0,Aud_Psycho,True,Right,tStr_shuff,Left,Center,True,62.882785451858055,374.5,-6.067153498080906
344,DAopto-01,DAopto-01 Apr05 14:04,432.0,Aud_Psycho,True,Right,tStr_shuff,Left,Center,True,62.882785451858055,379.5,-3.255362114860951
345,DAopto-01,DAopto-01 Apr05 14:04,432.0,Aud_Psycho,True,Right,tStr_shuff,Left,Center,True,62.882785451858055,384.5,5.520148089220683
346,DAopto-01,DAopto-01 Apr05 14:04,432.0,Aud_Psycho,True,Right,tStr_shuff,Left,Center,True,62.882785451858055,389.5,-1.6623915933190077
347,DAopto-01,DAopto-01 Apr05 14:04,432.0,Aud_Psycho,True,Right,tStr_shuff,Left,Center,True,62.882785451858055,394.5,2.107449676522272
348,DAopto-01,DAopto-01 Apr05 14:04,432.0,Aud_Psycho,True,Right,tStr_shuff,Left,Center,True,62.882785451858055,399.5,12.920941740014328
349,DAopto-01,DAopto-01 Apr05 14:04,432.0,Aud_Psycho,True,Right,tStr_shuff,Left,Center,True,62.882785451858055,404.5,1.3704882252751034
350,DAopto-01,DAopto-01 Apr05 14:04,432.0,Aud_Psycho,True,Right,tStr_shuff,Left,Center,True,62.882785451858055,409.5,4.0915766606492525
351,DAopto-01,DAopto-01 Apr05 14:04,432.0,Aud_Psycho,True,Right,tStr_shuff,Left,Center,True,62.882785451858055,414.5,-4.717947148874551
352,DAopto-01,DAopto-01 Apr05 14:04,432.0,Aud_Psycho,True,Right,tStr_shuff,Left,Center,True,62.882785451858055,419.5,-14.241756672684083
455,DAopto-01,merge,616.0,merge,True,Left,tStr_shuff,Right,Center,True,,75.5,0.0
456,DAopto-01,merge,616.0,merge,True,Left,tStr_shuff,Right,Center,True,,149.5,3.0044379129613823
457,DAopto-01,merge,616.0,merge,True,Left,tStr_shuff,Right,Center,True,,154.5,4.929041087564556
458,DAopto-01,merge,616.0,merge,True,Left,tStr_shuff,Right,Center,True,,159.5,7.0605603619409685
459,DAopto-01,merge,616.0,merge,True,Left,tStr_shuff,Right,Center,True,,164.5,5.206818865342335
460,DAopto-01,merge,616.0,merge,True,Left,tStr_shuff,Right,Center,True,,169.5,11.754437912961382
461,DAopto-01,merge,616.0,merge,True,Left,tStr_shuff,Right,Center,True,,174.5,12.944914103437565
462,DAopto-01,merge,616.0,merge,True,Left,tStr_shuff,Right,Center,True,,179.5,12.270310928834402
463,DAopto-01,merge,616.0,merge,True,Left,tStr_shuff,Right,Center,True,,184.5,6.873485532008999
464,DAopto-01,merge,616.0,merge,True,Left,tStr_shuff,Right,Center,True,,189.5,5.802056960580426
465,DAopto-01,merge,616.0,merge,True,Left,tStr_shuff,Right,Center,True,,194.5,-9.654292245768774
466,DAopto-01,merge,616.0,merge,True,Left,tStr_shuff,Right,Center,True,,199.5,-8.364609706086235
467,DAopto-01,merge,616.0,merge,True,Left,tStr_shuff,Right,Center,True,,204.5,-3.0074668489433805
468,DAopto-01,merge,616.0,merge,True,Left,tStr_shuff,Right,Center,True,,209.5,-7.174133515610045
469,DAopto-01,merge,616.0,merge,True,Left,tStr_shuff,Right,Center,True,,214.5,-7.174133515610041
470,DAopto-01,merge,616.0,merge,True,Left,tStr_shuff,Right,Center,True,,219.5,-3.007466848943377
471,DAopto-01,merge,616.0,merge,True,Left,tStr_shuff,Right,Center,True,,224.5,-3.7415938330703646
472,DAopto-01,merge,616.0,merge,True,Left,tStr_shuff,Right,Center,True,,229.5,0.32586648438995525
473,DAopto-01,merge,616.0,merge,True,Left,tStr_shuff,Right,Center,True,,234.5,-5.864609706086238
474,DAopto-01,merge,616.0,merge,True,Left,tStr_shuff,Right,Center,True,,239.5,-2.01540335687989
475,DAopto-01,merge,616.0,merge,True,Left,tStr_shuff,Right,Center,True,,244.5,-3.38161650880733
476,DAopto-01,merge,616.0,merge,True,Left,tStr_shuff,Right,Center,True,,249.5,-6.674133515610045
477,DAopto-01,merge,616.0,merge,True,Left,tStr_shuff,Right,Center,True,,254.5,1.516342674866138
478,DAopto-01,merge,616.0,merge,True,Left,tStr_shuff,Right,Center,True,,259.5,2.162601178267508
479,DAopto-01,merge,616.0,merge,True,Left,tStr_shuff,Right,Center,True,,264.5,9.095707754231217
480,DAopto-01,merge,616.0,merge,True,Left,tStr_shuff,Right,Center,True,,269.5,12.230628389151864
481,DAopto-01,merge,616.0,merge,True,Left,tStr_shuff,Right,Center,True,,274.5,4.73062838915186
482,DAopto-01,merge,616.0,merge,True,Left,tStr_shuff,Right,Center,True,,279.5,4.0843698857504975
483,DAopto-01,merge,616.0,merge,True,Left,tStr_shuff,Right,Center,True,,284.5,2.2986556000362093
484,DAopto-01,merge,616.0,merge,True,Left,tStr_shuff,Right,Center,True,,289.5,0.4364107020770298
485,DAopto-01,merge,616.0,merge,True,Left,tStr_shuff,Right,Center,True,,294.5,-14.178101769578301
486,DAopto-01,merge,616.0,merge,True,Left,tStr_shuff,Right,Center,True,,299.5,-11.529292245768778
487,DAopto-01,merge,616.0,merge,True,Left,tStr_shuff,Right,Center,True,,304.5,-8.622546214022744
488,DAopto-01,merge,616.0,merge,True,Left,tStr_shuff,Right,Center,True,,309.5,-1.7376255791021187
489,DAopto-01,merge,616.0,merge,True,Left,tStr_shuff,Right,Center,True,,314.5,-7.422149388625922
490,DAopto-01,merge,616.0,merge,True,Left,tStr_shuff,Right,Center,True,,319.5,-8.338154679631206
491,DAopto-01,merge,616.0,merge,True,Left,tStr_shuff,Right,Center,True,,324.5,-4.2574668489433805
492,DAopto-01,merge,616.0,merge,True,Left,tStr_shuff,Right,Center,True,,329.5,-3.4836573251338514
493,DAopto-01,merge,616.0,merge,True,Left,tStr_shuff,Right,Center,True,,334.5,-10.796582495201882
494,DAopto-01,merge,616.0,merge,True,Left,tStr_shuff,Right,Center,True,,339.5,-6.578895420371957
495,DAopto-01,merge,616.0,merge,True,Left,tStr_shuff,Right,Center,True,,344.5,-5.745562087038614
496,DAopto-01,merge,616.0,merge,True,Left,tStr_shuff,Right,Center,True,,349.5,-4.555085896562428
497,DAopto-01,merge,616.0,merge,True,Left,tStr_shuff,Right,Center,True,,354.5,2.825866484389948
498,DAopto-01,merge,616.0,merge,True,Left,tStr_shuff,Right,Center,True,,359.5,-0.2693716108481432
499,DAopto-01,merge,616.0,merge,True,Left,tStr_shuff,Right,Center,True,,364.5,-5.626514467991004
500,DAopto-01,merge,616.0,merge,True,Left,tStr_shuff,Right,Center,True,,369.5,-6.340800182276713
501,DAopto-01,merge,616.0,merge,True,Left,tStr_shuff,Right,Center,True,,374.5,2.3258664843899552
502,DAopto-01,merge,616.0,merge,True,Left,tStr_shuff,Right,Center,True,,379.5,-3.2455620870386177
503,DAopto-01,merge,616.0,merge,True,Left,tStr_shuff,Right,Center,True,,384.5,8.401263309786778
504,DAopto-01,merge,616.0,merge,True,Left,tStr_shuff,Right,Center,True,,389.5,9.135390293913755
505,DAopto-01,merge,616.0,merge,True,Left,tStr_shuff,Right,Center,True,,394.5,7.944914103437576
506,DAopto-01,merge,616.0,merge,True,Left,tStr_shuff,Right,Center,True,,399.5,3.1830093415328093
507,DAopto-01,merge,616.0,merge,True,Left,tStr_shuff,Right,Center,True,,404.5,1.0401521986756705
508,DAopto-01,merge,616.0,merge,True,Left,tStr_shuff,Right,Center,True,,409.5,1.635390293913762
509,DAopto-01,merge,616.0,merge,True,Left,tStr_shuff,Right,Center,True,,414.5,4.61158077010424
510,DAopto-01,merge,616.0,merge,True,Left,tStr_shuff,Right,Center,True,,419.5,3.1830093415328093
511,DAopto-01,merge,616.0,merge,True,Left,tStr_shuff,Right,Center,True,,424.5,0.921104579628043
512,DAopto-01,merge,616.0,merge,True,Left,tStr_shuff,Right,Center,True,,429.5,7.11158077010424
513,DAopto-01,merge,616.0,merge,True,Left,tStr_shuff,Right,Center,True,,434.5,2.98459664312011
514,DAopto-01,merge,616.0,merge,True,Left,tStr_shuff,Right,Center,True,,439.5,4.069252727776199
515,DAopto-01,merge,616.0,merge,True,Left,tStr_shuff,Right,Center,True,,444.5,-3.6027049441814754
516,DAopto-01,merge,616.0,merge,True,Left,tStr_shuff,Right,Center,True,,449.5,4.475526348335528
517,DAopto-01,merge,616.0,merge,True,Left,tStr_shuff,Right,Center,True,,454.5,4.73062838915186
518,DAopto-01,merge,616.0,merge,True,Left,tStr_shuff,Right,Center,True,,459.5,2.7068188653423313
519,DAopto-01,merge,616.0,merge,True,Left,tStr_shuff,Right,Center,True,,464.5,-0.9836573251338585
520,DAopto-01,merge,616.0,merge,True,Left,tStr_shuff,Right,Center,True,,469.5,-0.8646097060862417
521,DAopto-01,merge,616.0,merge,True,Left,tStr_shuff,Right,Center,True,,474.5,-4.316990658467187
522,DAopto-01,merge,616.0,merge,True,Left,tStr_shuff,Right,Center,True,,479.5,-3.3646097060862417
523,DAopto-01,merge,616.0,merge,True,Left,tStr_shuff,Right,Center,True,,484.5,-4.793181134657665
524,DAopto-01,merge,616.0,merge,True,Left,tStr_shuff,Right,Center,True,,489.5,1.1591998177232803
525,DAopto-01,DAopto-01 Apr07 12:50,726.0,Aud_Psycho,True,Left,tStr_shuff,Right,Center,True,67.00577200577202,494.5,14.207379921665634
526,DAopto-01,DAopto-01 Apr07 12:50,726.0,Aud_Psycho,True,Left,tStr_shuff,Right,Center,True,67.00577200577202,499.5,19.683570397856087
527,DAopto-01,DAopto-01 Apr07 12:50,726.0,Aud_Psycho,True,Left,tStr_shuff,Right,Center,True,67.00577200577202,504.5,18.06452277880848
528,DAopto-01,DAopto-01 Apr07 12:50,726.0,Aud_Psycho,True,Left,tStr_shuff,Right,Center,True,67.00577200577202,509.5,1.5883323026180136
529,DAopto-01,DAopto-01 Apr07 12:50,726.0,Aud_Psycho,True,Left,tStr_shuff,Right,Center,True,67.00577200577202,514.5,10.63595135023705
530,DAopto-01,DAopto-01 Apr07 12:50,726.0,Aud_Psycho,True,Left,tStr_shuff,Right,Center,True,67.00577200577202,519.5,-0.07833436404865779
531,DAopto-01,DAopto-01 Apr07 12:50,726.0,Aud_Psycho,True,Left,tStr_shuff,Right,Center,True,67.00577200577202,524.5,-5.435477221191519
532,DAopto-01,DAopto-01 Apr07 12:50,726.0,Aud_Psycho,True,Left,tStr_shuff,Right,Center,True,67.00577200577202,529.5,-0.15769944341373332
533,DAopto-01,DAopto-01 Apr07 12:50,726.0,Aud_Psycho,True,Left,tStr_shuff,Right,Center,True,67.00577200577202,534.5,-13.853844568130299
534,DAopto-01,DAopto-01 Apr07 12:50,726.0,Aud_Psycho,True,Left,tStr_shuff,Right,Center,True,67.00577200577202,539.5,-15.554524840239132
535,DAopto-01,DAopto-01 Apr07 12:50,726.0,Aud_Psycho,True,Left,tStr_shuff,Right,Center,True,67.00577200577202,544.5,-7.221191506905804
536,DAopto-01,DAopto-01 Apr07 12:50,726.0,Aud_Psycho,True,Left,tStr_shuff,Right,Center,True,67.00577200577202,549.5,3.1756338899195953
537,DAopto-01,DAopto-01 Apr07 12:50,726.0,Aud_Psycho,True,Left,tStr_shuff,Right,Center,True,67.00577200577202,554.5,-3.649762935477227
538,DAopto-01,DAopto-01 Apr07 12:50,726.0,Aud_Psycho,True,Left,tStr_shuff,Right,Center,True,67.00577200577202,559.5,-1.2688105545248476
539,DAopto-01,DAopto-01 Apr07 12:50,726.0,Aud_Psycho,True,Left,tStr_shuff,Right,Center,True,67.00577200577202,564.5,-3.649762935477227
540,DAopto-01,DAopto-01 Apr07 12:50,726.0,Aud_Psycho,True,Left,tStr_shuff,Right,Center,True,67.00577200577202,569.5,-6.030715316429614
541,DAopto-01,DAopto-01 Apr07 12:50,726.0,Aud_Psycho,True,Left,tStr_shuff,Right,Center,True,67.00577200577202,574.5,-10.792620078334373
542,DAopto-01,DAopto-01 Apr07 12:50,726.0,Aud_Psycho,True,Left,tStr_shuff,Right,Center,True,67.00577200577202,579.5,-4.046588332302633
543,DAopto-01,DAopto-01 Apr07 12:50,726.0,Aud_Psycho,True,Left,tStr_shuff,Right,Center,True,67.00577200577202,584.5,7.778808493094189
544,DAopto-01,DAopto-01 Apr07 12:50,726.0,Aud_Psycho,True,Left,tStr_shuff,Right,Center,True,67.00577200577202,589.5,25.63595135023705
545,DAopto-01,DAopto-01 Apr07 12:50,726.0,Aud_Psycho,True,Left,tStr_shuff,Right,Center,True,67.00577200577202,594.5,17.302618016903708
546,DAopto-01,DAopto-01 Apr07 12:50,726.0,Aud_Psycho,True,Left,tStr_shuff,Right,Center,True,67.00577200577202,599.5,17.302618016903708
547,DAopto-01,DAopto-01 Apr07 12:50,726.0,Aud_Psycho,True,Left,tStr_shuff,Right,Center,True,67.00577200577202,604.5,15.601937744794881
548,DAopto-01,DAopto-01 Apr07 12:50,726.0,Aud_Psycho,True,Left,tStr_shuff,Right,Center,True,67.00577200577202,609.5,12.540713254998963
549,DAopto-01,DAopto-01 Apr07 12:50,726.0,Aud_Psycho,True,Left,tStr_shuff,Right,Center,True,67.00577200577202,614.5,3.4930942073799116
550,DAopto-01,DAopto-01 Apr07 12:50,726.0,Aud_Psycho,True,Left,tStr_shuff,Right,Center,True,67.00577200577202,619.5,1.4522778808492944
551,DAopto-01,DAopto-01 Apr07 12:50,726.0,Aud_Psycho,True,Left,tStr_shuff,Right,Center,True,67.00577200577202,624.5,4.683570397856101
552,DAopto-01,DAopto-01 Apr07 12:50,726.0,Aud_Psycho,True,Left,tStr_shuff,Right,Center,True,67.00577200577202,629.5,14.20737992166562
553,DAopto-01,DAopto-01 Apr07 12:50,726.0,Aud_Psycho,True,Left,tStr_shuff,Right,Center,True,67.00577200577202,634.5,12.77880849309419
554,DAopto-01,DAopto-01 Apr07 12:50,726.0,Aud_Psycho,True,Left,tStr_shuff,Right,Center,True,67.00577200577202,639.5,13.731189445475138
555,DAopto-01,DAopto-01 Apr07 12:50,726.0,Aud_Psycho,True,Left,tStr_shuff,Right,Center,True,67.00577200577202,644.5,4.683570397856101
556,DAopto-01,DAopto-01 Apr07 12:50,726.0,Aud_Psycho,True,Left,tStr_shuff,Right,Center,True,67.00577200577202,649.5,-3.649762935477227
557,DAopto-01,DAopto-01 Apr07 12:50,726.0,Aud_Psycho,True,Left,tStr_shuff,Right,Center,True,67.00577200577202,654.5,-20.316429602143906
558,DAopto-01,DAopto-01 Apr07 12:50,726.0,Aud_Psycho,True,Left,tStr_shuff,Right,Center,True,67.00577200577202,659.5,-21.762007833436414
559,DAopto-01,DAopto-01 Apr07 12:50,726.0,Aud_Psycho,True,Left,tStr_shuff,Right,Center,True,67.00577200577202,664.5,-23.802824159967024
560,DAopto-01,DAopto-01 Apr07 12:50,726.0,Aud_Psycho,True,Left,tStr_shuff,Right,Center,True,67.00577200577202,669.5,-26.86404864976295
561,DAopto-01,DAopto-01 Apr07 12:50,726.0,Aud_Psycho,True,Left,tStr_shuff,Right,Center,True,67.00577200577202,674.5,-26.438878581735743
562,DAopto-01,DAopto-01 Apr07 12:50,726.0,Aud_Psycho,True,Left,tStr_shuff,Right,Center,True,67.00577200577202,679.5,-26.302824159967024
563,DAopto-01,DAopto-01 Apr07 12:50,726.0,Aud_Psycho,True,Left,tStr_shuff,Right,Center,True,67.00577200577202,684.5,-25.962688105545254
564,DAopto-01,DAopto-01 Apr07 12:50,726.0,Aud_Psycho,True,Left,tStr_shuff,Right,Center,True,67.00577200577202,689.5,-29.36404864976295
565,DAopto-01,DAopto-01 Apr07 12:50,726.0,Aud_Psycho,True,Left,tStr_shuff,Right,Center,True,67.00577200577202,694.5,-21.149762935477234
566,DAopto-01,DAopto-01 Apr07 12:50,726.0,Aud_Psycho,True,Left,tStr_shuff,Right,Center,True,67.00577200577202,699.5,-6.030715316429614
567,DAopto-01,DAopto-01 Apr07 12:50,726.0,Aud_Psycho,True,Left,tStr_shuff,Right,Center,True,67.00577200577202,704.5,-11.98309626881057
568,DAopto-01,DAopto-01 Apr07 12:50,726.0,Aud_Psycho,True,Left,tStr_shuff,Right,Center,True,67.00577200577202,709.5,-9.60214388785819
1181,DAopto-02,DAopto-02 Apr05 14:11,826.0,Aud_Psycho,True,Left,tStr_shuff,Right,Center,True,70.73858038513211,75.5,0.0
1182,DAopto-02,DAopto-02 Apr05 14:11,826.0,Aud_Psycho,True,Left,tStr_shuff,Right,Center,True,70.73858038513211,149.5,-3.3100089565606794
1183,DAopto-02,DAopto-02 Apr05 14:11,826.0,Aud_Psycho,True,Left,tStr_shuff,Right,Center,True,70.73858038513211,154.5,-16.88143752798925
1184,DAopto-02,DAopto-02 Apr05 14:11,826.0,Aud_Psycho,True,Left,tStr_shuff,Right,Center,True,70.73858038513211,159.5,-34.61953276608448
1185,DAopto-02,DAopto-02 Apr05 14:11,826.0,Aud_Psycho,True,Left,tStr_shuff,Right,Center,True,70.73858038513211,164.5,-26.286199432751154
1186,DAopto-02,DAopto-02 Apr05 14:11,826.0,Aud_Psycho,True,Left,tStr_shuff,Right,Center,True,70.73858038513211,169.5,-14.50048514703687
1187,DAopto-02,DAopto-02 Apr05 14:11,826.0,Aud_Psycho,True,Left,tStr_shuff,Right,Center,True,70.73858038513211,174.5,1.6559774379971515
1188,DAopto-02,DAopto-02 Apr05 14:11,826.0,Aud_Psycho,True,Left,tStr_shuff,Right,Center,True,70.73858038513211,179.5,17.64237199582027
1189,DAopto-02,DAopto-02 Apr05 14:11,826.0,Aud_Psycho,True,Left,tStr_shuff,Right,Center,True,70.73858038513211,184.5,22.404276757725043
1190,DAopto-02,DAopto-02 Apr05 14:11,826.0,Aud_Psycho,True,Left,tStr_shuff,Right,Center,True,70.73858038513211,189.5,20.975705329153612
1191,DAopto-02,DAopto-02 Apr05 14:11,826.0,Aud_Psycho,True,Left,tStr_shuff,Right,Center,True,70.73858038513211,194.5,16.213800567248853
1192,DAopto-02,DAopto-02 Apr05 14:11,826.0,Aud_Psycho,True,Left,tStr_shuff,Right,Center,True,70.73858038513211,199.5,13.832848186296474
1193,DAopto-02,DAopto-02 Apr05 14:11,826.0,Aud_Psycho,True,Left,tStr_shuff,Right,Center,True,70.73858038513211,204.5,16.213800567248853
1194,DAopto-02,DAopto-02 Apr05 14:11,826.0,Aud_Psycho,True,Left,tStr_shuff,Right,Center,True,70.73858038513211,209.5,21.21380056724884
1195,DAopto-02,DAopto-02 Apr05 14:11,826.0,Aud_Psycho,True,Left,tStr_shuff,Right,Center,True,70.73858038513211,214.5,25.975705329153612
1196,DAopto-02,DAopto-02 Apr05 14:11,826.0,Aud_Psycho,True,Left,tStr_shuff,Right,Center,True,70.73858038513211,219.5,27.166181519629788
1197,DAopto-02,DAopto-02 Apr05 14:11,826.0,Aud_Psycho,True,Left,tStr_shuff,Right,Center,True,70.73858038513211,224.5,24.78522913867741
1198,DAopto-02,DAopto-02 Apr05 14:11,826.0,Aud_Psycho,True,Left,tStr_shuff,Right,Center,True,70.73858038513211,229.5,12.285229138677423
1199,DAopto-02,DAopto-02 Apr05 14:11,826.0,Aud_Psycho,True,Left,tStr_shuff,Right,Center,True,70.73858038513211,234.5,-3.786199432751147
1200,DAopto-02,DAopto-02 Apr05 14:11,826.0,Aud_Psycho,True,Left,tStr_shuff,Right,Center,True,70.73858038513211,239.5,-8.548104194655906
1201,DAopto-02,DAopto-02 Apr05 14:11,826.0,Aud_Psycho,True,Left,tStr_shuff,Right,Center,True,70.73858038513211,244.5,-9.738580385132096
1202,DAopto-02,DAopto-02 Apr05 14:11,826.0,Aud_Psycho,True,Left,tStr_shuff,Right,Center,True,70.73858038513211,249.5,-8.786199432751147
1203,DAopto-02,DAopto-02 Apr05 14:11,826.0,Aud_Psycho,True,Left,tStr_shuff,Right,Center,True,70.73858038513211,254.5,-11.881437527989249
1204,DAopto-02,DAopto-02 Apr05 14:11,826.0,Aud_Psycho,True,Left,tStr_shuff,Right,Center,True,70.73858038513211,259.5,9.824911678359967
1205,DAopto-02,DAopto-02 Apr05 14:11,826.0,Aud_Psycho,True,Left,tStr_shuff,Right,Center,True,70.73858038513211,264.5,-4.103659750211463
1206,DAopto-02,DAopto-02 Apr05 14:11,826.0,Aud_Psycho,True,Left,tStr_shuff,Right,Center,True,70.73858038513211,269.5,6.451895805344094
1207,DAopto-02,DAopto-02 Apr05 14:11,826.0,Aud_Psycho,True,Left,tStr_shuff,Right,Center,True,70.73858038513211,274.5,12.64237199582027
1208,DAopto-02,DAopto-02 Apr05 14:11,826.0,Aud_Psycho,True,Left,tStr_shuff,Right,Center,True,70.73858038513211,279.5,7.166181519629788
1209,DAopto-02,DAopto-02 Apr05 14:11,826.0,Aud_Psycho,True,Left,tStr_shuff,Right,Center,True,70.73858038513211,284.5,3.8328481862964736
1210,DAopto-02,DAopto-02 Apr05 14:11,826.0,Aud_Psycho,True,Left,tStr_shuff,Right,Center,True,70.73858038513211,289.5,5.26141961486789
1211,DAopto-02,DAopto-02 Apr05 14:11,826.0,Aud_Psycho,True,Left,tStr_shuff,Right,Center,True,70.73858038513211,294.5,6.689991043439321
1212,DAopto-02,DAopto-02 Apr05 14:11,826.0,Aud_Psycho,True,Left,tStr_shuff,Right,Center,True,70.73858038513211,299.5,10.499514852963145
1213,DAopto-02,DAopto-02 Apr05 14:11,826.0,Aud_Psycho,True,Left,tStr_shuff,Right,Center,True,70.73858038513211,304.5,10.26141961486789
1214,DAopto-02,DAopto-02 Apr05 14:11,826.0,Aud_Psycho,True,Left,tStr_shuff,Right,Center,True,70.73858038513211,309.5,13.832848186296474
1215,DAopto-02,DAopto-02 Apr05 14:11,826.0,Aud_Psycho,True,Left,tStr_shuff,Right,Center,True,70.73858038513211,314.5,9.547133900582182
1216,DAopto-02,DAopto-02 Apr05 14:11,826.0,Aud_Psycho,True,Left,tStr_shuff,Right,Center,True,70.73858038513211,319.5,0.3804672339155104
1217,DAopto-02,DAopto-02 Apr05 14:11,826.0,Aud_Psycho,True,Left,tStr_shuff,Right,Center,True,70.73858038513211,324.5,-6.643342289894008
1218,DAopto-02,DAopto-02 Apr05 14:11,826.0,Aud_Psycho,True,Left,tStr_shuff,Right,Center,True,70.73858038513211,329.5,-20.214770861322577
1219,DAopto-02,DAopto-02 Apr05 14:11,826.0,Aud_Psycho,True,Left,tStr_shuff,Right,Center,True,70.73858038513211,334.5,-7.595723242274964
1220,DAopto-02,DAopto-02 Apr05 14:11,826.0,Aud_Psycho,True,Left,tStr_shuff,Right,Center,True,70.73858038513211,339.5,6.213800567248839
1221,DAopto-02,DAopto-02 Apr05 14:11,826.0,Aud_Psycho,True,Left,tStr_shuff,Right,Center,True,70.73858038513211,344.5,4.547133900582182
1222,DAopto-02,DAopto-02 Apr05 14:11,826.0,Aud_Psycho,True,Left,tStr_shuff,Right,Center,True,70.73858038513211,349.5,-1.0084216549733753
1223,DAopto-02,DAopto-02 Apr05 14:11,826.0,Aud_Psycho,True,Left,tStr_shuff,Right,Center,True,70.73858038513211,354.5,2.166181519629802
1224,DAopto-02,DAopto-02 Apr05 14:11,826.0,Aud_Psycho,True,Left,tStr_shuff,Right,Center,True,70.73858038513211,359.5,2.166181519629802
1225,DAopto-02,DAopto-02 Apr05 14:11,826.0,Aud_Psycho,True,Left,tStr_shuff,Right,Center,True,70.73858038513211,364.5,2.166181519629802
1226,DAopto-02,DAopto-02 Apr05 14:11,826.0,Aud_Psycho,True,Left,tStr_shuff,Right,Center,True,70.73858038513211,369.5,0.3804672339155104
1227,DAopto-02,DAopto-02 Apr05 14:11,826.0,Aud_Psycho,True,Left,tStr_shuff,Right,Center,True,70.73858038513211,374.5,-14.500485147036862
1228,DAopto-02,DAopto-02 Apr05 14:11,826.0,Aud_Psycho,True,Left,tStr_shuff,Right,Center,True,70.73858038513211,379.5,1.2138005672488532
1229,DAopto-02,DAopto-02 Apr05 14:11,826.0,Aud_Psycho,True,Left,tStr_shuff,Right,Center,True,70.73858038513211,384.5,4.070943424391714
1230,DAopto-02,DAopto-02 Apr05 14:11,826.0,Aud_Psycho,True,Left,tStr_shuff,Right,Center,True,70.73858038513211,389.5,11.928086281534561
1231,DAopto-02,DAopto-02 Apr05 14:11,826.0,Aud_Psycho,True,Left,tStr_shuff,Right,Center,True,70.73858038513211,394.5,5.499514852963145
1232,DAopto-02,DAopto-02 Apr05 14:11,826.0,Aud_Psycho,True,Left,tStr_shuff,Right,Center,True,70.73858038513211,399.5,-1.1671518137035264
1233,DAopto-02,DAopto-02 Apr05 14:11,826.0,Aud_Psycho,True,Left,tStr_shuff,Right,Center,True,70.73858038513211,404.5,-8.071913718465431
1234,DAopto-02,DAopto-02 Apr05 14:11,826.0,Aud_Psycho,True,Left,tStr_shuff,Right,Center,True,70.73858038513211,409.5,-10.690961337513059
1235,DAopto-02,DAopto-02 Apr05 14:11,826.0,Aud_Psycho,True,Left,tStr_shuff,Right,Center,True,70.73858038513211,414.5,-15.690961337513059
1236,DAopto-02,DAopto-02 Apr05 14:11,826.0,Aud_Psycho,True,Left,tStr_shuff,Right,Center,True,70.73858038513211,419.5,-14.500485147036862
1237,DAopto-02,DAopto-02 Apr05 14:11,826.0,Aud_Psycho,True,Left,tStr_shuff,Right,Center,True,70.73858038513211,424.5,-10.758988548397411
1238,DAopto-02,DAopto-02 Apr05 14:11,826.0,Aud_Psycho,True,Left,tStr_shuff,Right,Center,True,70.73858038513211,429.5,-16.643342289894015
1239,DAopto-02,DAopto-02 Apr05 14:11,826.0,Aud_Psycho,True,Left,tStr_shuff,Right,Center,True,70.73858038513211,434.5,-8.548104194655927
1240,DAopto-02,DAopto-02 Apr05 14:11,826.0,Aud_Psycho,True,Left,tStr_shuff,Right,Center,True,70.73858038513211,439.5,-7.11953276608449
1241,DAopto-02,DAopto-02 Apr05 14:11,826.0,Aud_Psycho,True,Left,tStr_shuff,Right,Center,True,70.73858038513211,444.5,3.356657710105992
1242,DAopto-02,DAopto-02 Apr05 14:11,826.0,Aud_Psycho,True,Left,tStr_shuff,Right,Center,True,70.73858038513211,449.5,15.26141961486789
1243,DAopto-02,DAopto-02 Apr05 14:11,826.0,Aud_Psycho,True,Left,tStr_shuff,Right,Center,True,70.73858038513211,454.5,15.26141961486789
1244,DAopto-02,DAopto-02 Apr05 14:11,826.0,Aud_Psycho,True,Left,tStr_shuff,Right,Center,True,70.73858038513211,459.5,4.547133900582182
1245,DAopto-02,DAopto-02 Apr05 14:11,826.0,Aud_Psycho,True,Left,tStr_shuff,Right,Center,True,70.73858038513211,464.5,0.9757053291536124
1246,DAopto-02,DAopto-02 Apr05 14:11,826.0,Aud_Psycho,True,Left,tStr_shuff,Right,Center,True,70.73858038513211,469.5,-1.1671518137035264
1247,DAopto-02,DAopto-02 Apr05 14:11,826.0,Aud_Psycho,True,Left,tStr_shuff,Right,Center,True,70.73858038513211,474.5,9.547133900582182
1248,DAopto-02,DAopto-02 Apr05 14:11,826.0,Aud_Psycho,True,Left,tStr_shuff,Right,Center,True,70.73858038513211,479.5,9.547133900582196
1249,DAopto-02,DAopto-02 Apr05 14:11,826.0,Aud_Psycho,True,Left,tStr_shuff,Right,Center,True,70.73858038513211,484.5,3.356657710105992
1250,DAopto-02,DAopto-02 Apr05 14:11,826.0,Aud_Psycho,True,Left,tStr_shuff,Right,Center,True,70.73858038513211,489.5,5.975705329153612
1251,DAopto-02,DAopto-02 Apr05 14:11,826.0,Aud_Psycho,True,Left,tStr_shuff,Right,Center,True,70.73858038513211,494.5,-4.024294670846388
1252,DAopto-02,DAopto-02 Apr05 14:11,826.0,Aud_Psycho,True,Left,tStr_shuff,Right,Center,True,70.73858038513211,499.5,-4.024294670846388
1253,DAopto-02,DAopto-02 Apr05 14:11,826.0,Aud_Psycho,True,Left,tStr_shuff,Right,Center,True,70.73858038513211,504.5,1.2138005672488532
1254,DAopto-02,DAopto-02 Apr05 14:11,826.0,Aud_Psycho,True,Left,tStr_shuff,Right,Center,True,70.73858038513211,509.5,0.9757053291536124
1255,DAopto-02,DAopto-02 Apr05 14:11,826.0,Aud_Psycho,True,Left,tStr_shuff,Right,Center,True,70.73858038513211,514.5,-4.976675623227337
1256,DAopto-02,DAopto-02 Apr05 14:11,826.0,Aud_Psycho,True,Left,tStr_shuff,Right,Center,True,70.73858038513211,519.5,-3.1059273239076077
1257,DAopto-02,DAopto-02 Apr05 14:11,826.0,Aud_Psycho,True,Left,tStr_shuff,Right,Center,True,70.73858038513211,524.5,-6.167151813703526
1258,DAopto-02,DAopto-02 Apr05 14:11,826.0,Aud_Psycho,True,Left,tStr_shuff,Right,Center,True,70.73858038513211,529.5,-9.908648412342984
1259,DAopto-02,DAopto-02 Apr05 14:11,826.0,Aud_Psycho,True,Left,tStr_shuff,Right,Center,True,70.73858038513211,534.5,0.4995148529631308
1260,DAopto-02,DAopto-02 Apr05 14:11,826.0,Aud_Psycho,True,Left,tStr_shuff,Right,Center,True,70.73858038513211,539.5,15.856657710105992
1261,DAopto-02,DAopto-02 Apr05 14:11,826.0,Aud_Psycho,True,Left,tStr_shuff,Right,Center,True,70.73858038513211,544.5,5.896340249788523
1262,DAopto-02,DAopto-02 Apr05 14:11,826.0,Aud_Psycho,True,Left,tStr_shuff,Right,Center,True,70.73858038513211,549.5,6.689991043439321
1263,DAopto-02,DAopto-02 Apr05 14:11,826.0,Aud_Psycho,True,Left,tStr_shuff,Right,Center,True,70.73858038513211,554.5,-7.2555871878531875
1264,DAopto-02,DAopto-02 Apr05 14:11,826.0,Aud_Psycho,True,Left,tStr_shuff,Right,Center,True,70.73858038513211,559.5,-4.024294670846388
1265,DAopto-02,DAopto-02 Apr05 14:11,826.0,Aud_Psycho,True,Left,tStr_shuff,Right,Center,True,70.73858038513211,564.5,7.64237199582027
1266,DAopto-02,DAopto-02 Apr05 14:11,826.0,Aud_Psycho,True,Left,tStr_shuff,Right,Center,True,70.73858038513211,569.5,6.928086281534561
1267,DAopto-02,DAopto-02 Apr05 14:11,826.0,Aud_Psycho,True,Left,tStr_shuff,Right,Center,True,70.73858038513211,574.5,6.769356122804396
1268,DAopto-02,DAopto-02 Apr05 14:11,826.0,Aud_Psycho,True,Left,tStr_shuff,Right,Center,True,70.73858038513211,579.5,-1.1671518137035264
1269,DAopto-02,DAopto-02 Apr05 14:11,826.0,Aud_Psycho,True,Left,tStr_shuff,Right,Center,True,70.73858038513211,584.5,-0.2147708613225774
1270,DAopto-02,DAopto-02 Apr05 14:11,826.0,Aud_Psycho,True,Left,tStr_shuff,Right,Center,True,70.73858038513211,589.5,-1.0084216549733753
1271,DAopto-02,DAopto-02 Apr05 14:11,826.0,Aud_Psycho,True,Left,tStr_shuff,Right,Center,True,70.73858038513211,594.5,-1.0084216549733753
1272,DAopto-02,DAopto-02 Apr05 14:11,826.0,Aud_Psycho,True,Left,tStr_shuff,Right,Center,True,70.73858038513211,599.5,-6.3655645121162365
1273,DAopto-02,DAopto-02 Apr05 14:11,826.0,Aud_Psycho,True,Left,tStr_shuff,Right,Center,True,70.73858038513211,604.5,-14.500485147036862
1274,DAopto-02,DAopto-02 Apr05 14:11,826.0,Aud_Psycho,True,Left,tStr_shuff,Right,Center,True,70.73858038513211,609.5,-3.786199432751161
1275,DAopto-02,DAopto-02 Apr05 14:11,826.0,Aud_Psycho,True,Left,tStr_shuff,Right,Center,True,70.73858038513211,614.5,3.594752948201233
1276,DAopto-02,DAopto-02 Apr05 14:11,826.0,Aud_Psycho,True,Left,tStr_shuff,Right,Center,True,70.73858038513211,619.5,11.928086281534576
1277,DAopto-02,DAopto-02 Apr05 14:11,826.0,Aud_Psycho,True,Left,tStr_shuff,Right,Center,True,70.73858038513211,624.5,19.070943424391714
1278,DAopto-02,DAopto-02 Apr05 14:11,826.0,Aud_Psycho,True,Left,tStr_shuff,Right,Center,True,70.73858038513211,629.5,20.023324376772663
1279,DAopto-02,DAopto-02 Apr05 14:11,826.0,Aud_Psycho,True,Left,tStr_shuff,Right,Center,True,70.73858038513211,634.5,20.26141961486789
1280,DAopto-02,DAopto-02 Apr05 14:11,826.0,Aud_Psycho,True,Left,tStr_shuff,Right,Center,True,70.73858038513211,639.5,1.2138005672488532
1281,DAopto-02,DAopto-02 Apr05 14:11,826.0,Aud_Psycho,True,Left,tStr_shuff,Right,Center,True,70.73858038513211,644.5,-5.214770861322577
1282,DAopto-02,DAopto-02 Apr05 14:11,826.0,Aud_Psycho,True,Left,tStr_shuff,Right,Center,True,70.73858038513211,649.5,-1.4052470517987672
1283,DAopto-02,DAopto-02 Apr05 14:11,826.0,Aud_Psycho,True,Left,tStr_shuff,Right,Center,True,70.73858038513211,654.5,1.4518958053440798
1284,DAopto-02,DAopto-02 Apr05 14:11,826.0,Aud_Psycho,True,Left,tStr_shuff,Right,Center,True,70.73858038513211,659.5,-1.5753150790096555
1285,DAopto-02,DAopto-02 Apr05 14:11,826.0,Aud_Psycho,True,Left,tStr_shuff,Right,Center,True,70.73858038513211,664.5,10.49951485296313
1286,DAopto-02,DAopto-02 Apr05 14:11,826.0,Aud_Psycho,True,Left,tStr_shuff,Right,Center,True,70.73858038513211,669.5,5.26141961486789
1287,DAopto-02,DAopto-02 Apr05 14:11,826.0,Aud_Psycho,True,Left,tStr_shuff,Right,Center,True,70.73858038513211,674.5,2.602689456137739
1288,DAopto-02,DAopto-02 Apr05 14:11,826.0,Aud_Psycho,True,Left,tStr_shuff,Right,Center,True,70.73858038513211,679.5,6.689991043439321
1289,DAopto-02,DAopto-02 Apr05 14:11,826.0,Aud_Psycho,True,Left,tStr_shuff,Right,Center,True,70.73858038513211,684.5,5.737610091058372
1290,DAopto-02,DAopto-02 Apr05 14:11,826.0,Aud_Psycho,True,Left,tStr_shuff,Right,Center,True,70.73858038513211,689.5,-2.357628004179716
1291,DAopto-02,DAopto-02 Apr05 14:11,826.0,Aud_Psycho,True,Left,tStr_shuff,Right,Center,True,70.73858038513211,694.5,-4.73858038513211
1292,DAopto-02,DAopto-02 Apr05 14:11,826.0,Aud_Psycho,True,Left,tStr_shuff,Right,Center,True,70.73858038513211,699.5,-7.11953276608449
1293,DAopto-02,DAopto-02 Apr05 14:11,826.0,Aud_Psycho,True,Left,tStr_shuff,Right,Center,True,70.73858038513211,704.5,1.7693561228043961
1294,DAopto-02,DAopto-02 Apr05 14:11,826.0,Aud_Psycho,True,Left,tStr_shuff,Right,Center,True,70.73858038513211,709.5,6.689991043439321
1295,DAopto-02,DAopto-02 Apr05 14:11,826.0,Aud_Psycho,True,Left,tStr_shuff,Right,Center,True,70.73858038513211,714.5,-1.235179024587893
1296,DAopto-02,DAopto-02 Apr05 14:11,826.0,Aud_Psycho,True,Left,tStr_shuff,Right,Center,True,70.73858038513211,719.5,-10.758988548397404
1297,DAopto-02,DAopto-02 Apr05 14:11,826.0,Aud_Psycho,True,Left,tStr_shuff,Right,Center,True,70.73858038513211,724.5,-10.452866099417818
1298,DAopto-02,DAopto-02 Apr05 14:11,826.0,Aud_Psycho,True,Left,tStr_shuff,Right,Center,True,70.73858038513211,729.5,-7.595723242274964
1299,DAopto-02,DAopto-02 Apr05 14:11,826.0,Aud_Psycho,True,Left,tStr_shuff,Right,Center,True,70.73858038513211,734.5,0.9757053291536124
1300,DAopto-02,DAopto-02 Apr05 14:11,826.0,Aud_Psycho,True,Left,tStr_shuff,Right,Center,True,70.73858038513211,739.5,-2.595723242274957
1301,DAopto-02,DAopto-02 Apr05 14:11,826.0,Aud_Psycho,True,Left,tStr_shuff,Right,Center,True,70.73858038513211,744.5,-11.405247051798767
1302,DAopto-02,DAopto-02 Apr05 14:11,826.0,Aud_Psycho,True,Left,tStr_shuff,Right,Center,True,70.73858038513211,749.5,0.4995148529631308
1303,DAopto-02,DAopto-02 Apr05 14:11,826.0,Aud_Psycho,True,Left,tStr_shuff,Right,Center,True,70.73858038513211,754.5,-0.4528660994178182
1304,DAopto-02,DAopto-02 Apr05 14:11,826.0,Aud_Psycho,True,Left,tStr_shuff,Right,Center,True,70.73858038513211,759.5,4.785229138677408
1305,DAopto-02,DAopto-02 Apr05 14:11,826.0,Aud_Psycho,True,Left,tStr_shuff,Right,Center,True,70.73858038513211,764.5,-2.595723242274957
1306,DAopto-02,DAopto-02 Apr05 14:11,826.0,Aud_Psycho,True,Left,tStr_shuff,Right,Center,True,70.73858038513211,769.5,-0.2147708613225774
1307,DAopto-02,DAopto-02 Apr05 14:11,826.0,Aud_Psycho,True,Left,tStr_shuff,Right,Center,True,70.73858038513211,774.5,6.928086281534576
1308,DAopto-02,DAopto-02 Apr05 14:11,826.0,Aud_Psycho,True,Left,tStr_shuff,Right,Center,True,70.73858038513211,779.5,9.309038662486955
1309,DAopto-02,DAopto-02 Apr05 14:11,826.0,Aud_Psycho,True,Left,tStr_shuff,Right,Center,True,70.73858038513211,784.5,8.118562472010751
1310,DAopto-02,DAopto-02 Apr05 14:11,826.0,Aud_Psycho,True,Left,tStr_shuff,Right,Center,True,70.73858038513211,789.5,6.689991043439321
1311,DAopto-02,DAopto-02 Apr05 14:11,826.0,Aud_Psycho,True,Left,tStr_shuff,Right,Center,True,70.73858038513211,794.5,-1.4052470517987672
1312,DAopto-02,DAopto-02 Apr05 14:11,826.0,Aud_Psycho,True,Left,tStr_shuff,Right,Center,True,70.73858038513211,799.5,-4.73858038513211
1313,DAopto-02,DAopto-02 Apr05 14:11,826.0,Aud_Psycho,True,Left,tStr_shuff,Right,Center,True,70.73858038513211,804.5,-12.357628004179723
1314,DAopto-02,DAopto-02 Apr05 14:11,826.0,Aud_Psycho,True,Left,tStr_shuff,Right,Center,True,70.73858038513211,809.5,-12.28960079329537
2229,DAopto-03,merge,658.5,merge,True,Right,tStr_shuff,Left,Center,True,,75.5,0.0
2230,DAopto-03,merge,658.5,merge,True,Right,tStr_shuff,Left,Center,True,,149.5,1.5267283900824289
2231,DAopto-03,merge,658.5,merge,True,Right,tStr_shuff,Left,Center,True,,154.5,1.1795061678602057
2232,DAopto-03,merge,658.5,merge,True,Right,tStr_shuff,Left,Center,True,,159.5,-10.456453771671168
2233,DAopto-03,merge,658.5,merge,True,Right,tStr_shuff,Left,Center,True,,164.5,-14.338728903946294
2234,DAopto-03,merge,658.5,merge,True,Right,tStr_shuff,Left,Center,True,,169.5,-7.9432262584436515
2235,DAopto-03,merge,658.5,merge,True,Right,tStr_shuff,Left,Center,True,,174.5,-5.559439410371091
2236,DAopto-03,merge,658.5,merge,True,Right,tStr_shuff,Left,Center,True,,179.5,-7.634269342343876
2237,DAopto-03,merge,658.5,merge,True,Right,tStr_shuff,Left,Center,True,,184.5,-0.2249722901896778
2238,DAopto-03,merge,658.5,merge,True,Right,tStr_shuff,Left,Center,True,,189.5,5.171853106635718
2239,DAopto-03,merge,658.5,merge,True,Right,tStr_shuff,Left,Center,True,,194.5,-1.9313214965388887
2240,DAopto-03,merge,658.5,merge,True,Right,tStr_shuff,Left,Center,True,,199.5,10.171853106635716
2241,DAopto-03,merge,658.5,merge,True,Right,tStr_shuff,Left,Center,True,,204.5,5.886138820921431
2242,DAopto-03,merge,658.5,merge,True,Right,tStr_shuff,Left,Center,True,,209.5,6.441694376476985
2243,DAopto-03,merge,658.5,merge,True,Right,tStr_shuff,Left,Center,True,,214.5,-5.066242131459525
2244,DAopto-03,merge,658.5,merge,True,Right,tStr_shuff,Left,Center,True,,219.5,-3.994813560030952
2245,DAopto-03,merge,658.5,merge,True,Right,tStr_shuff,Left,Center,True,,224.5,-12.566242131459521
2246,DAopto-03,merge,658.5,merge,True,Right,tStr_shuff,Left,Center,True,,229.5,-7.923384988602379
2247,DAopto-03,merge,658.5,merge,True,Right,tStr_shuff,Left,Center,True,,234.5,-16.25671832193571
2248,DAopto-03,merge,658.5,merge,True,Right,tStr_shuff,Left,Center,True,,239.5,-7.685289750507142
2249,DAopto-03,merge,658.5,merge,True,Right,tStr_shuff,Left,Center,True,,244.5,-14.728940544157933
2250,DAopto-03,merge,658.5,merge,True,Right,tStr_shuff,Left,Center,True,,249.5,-21.27655959177698
2251,DAopto-03,merge,658.5,merge,True,Right,tStr_shuff,Left,Center,True,,254.5,-13.16148022669762
2252,DAopto-03,merge,658.5,merge,True,Right,tStr_shuff,Left,Center,True,,259.5,4.1004245352071464
2253,DAopto-03,merge,658.5,merge,True,Right,tStr_shuff,Left,Center,True,,264.5,-6.8519564171738025
2254,DAopto-03,merge,658.5,merge,True,Right,tStr_shuff,Left,Center,True,,269.5,-5.661480226697613
2255,DAopto-03,merge,658.5,merge,True,Right,tStr_shuff,Left,Center,True,,274.5,-6.851956417173806
2256,DAopto-03,merge,658.5,merge,True,Right,tStr_shuff,Left,Center,True,,279.5,-10.185289750507135
2257,DAopto-03,merge,658.5,merge,True,Right,tStr_shuff,Left,Center,True,,284.5,-10.542432607649996
2258,DAopto-03,merge,658.5,merge,True,Right,tStr_shuff,Left,Center,True,,289.5,-9.130867981799657
2259,DAopto-03,merge,658.5,merge,True,Right,tStr_shuff,Left,Center,True,,294.5,-10.661480226697613
2260,DAopto-03,merge,658.5,merge,True,Right,tStr_shuff,Left,Center,True,,299.5,-13.994813560030956
2261,DAopto-03,merge,658.5,merge,True,Right,tStr_shuff,Left,Center,True,,304.5,-16.25671832193571
2262,DAopto-03,merge,658.5,merge,True,Right,tStr_shuff,Left,Center,True,,309.5,-11.330414467060425
2263,DAopto-03,merge,658.5,merge,True,Right,tStr_shuff,Left,Center,True,,314.5,-16.25671832193572
2264,DAopto-03,merge,658.5,merge,True,Right,tStr_shuff,Left,Center,True,,319.5,-7.97780675730986
2265,DAopto-03,merge,658.5,merge,True,Right,tStr_shuff,Left,Center,True,,324.5,-8.597988163205553
2266,DAopto-03,merge,658.5,merge,True,Right,tStr_shuff,Left,Center,True,,329.5,-13.654677505609182
2267,DAopto-03,merge,658.5,merge,True,Right,tStr_shuff,Left,Center,True,,334.5,-18.532795419441385
2268,DAopto-03,merge,658.5,merge,True,Right,tStr_shuff,Left,Center,True,,339.5,-18.67168430833027
2269,DAopto-03,merge,658.5,merge,True,Right,tStr_shuff,Left,Center,True,,344.5,-21.375765940983328
2270,DAopto-03,merge,658.5,merge,True,Right,tStr_shuff,Left,Center,True,,349.5,-9.113861179078569
2271,DAopto-03,merge,658.5,merge,True,Right,tStr_shuff,Left,Center,True,,354.5,-8.280527845745237
2272,DAopto-03,merge,658.5,merge,True,Right,tStr_shuff,Left,Center,True,,359.5,-7.209099274316667
2273,DAopto-03,merge,658.5,merge,True,Right,tStr_shuff,Left,Center,True,,364.5,-3.0424326076499995
2274,DAopto-03,merge,658.5,merge,True,Right,tStr_shuff,Left,Center,True,,369.5,-9.590051655269047
2275,DAopto-03,merge,658.5,merge,True,Right,tStr_shuff,Left,Center,True,,374.5,-6.137670702888091
2276,DAopto-03,merge,658.5,merge,True,Right,tStr_shuff,Left,Center,True,,379.5,-11.375765940983328
2277,DAopto-03,merge,658.5,merge,True,Right,tStr_shuff,Left,Center,True,,384.5,-16.205697913772447
2278,DAopto-03,merge,658.5,merge,True,Right,tStr_shuff,Left,Center,True,,389.5,-12.345153696085372
2279,DAopto-03,merge,658.5,merge,True,Right,tStr_shuff,Left,Center,True,,394.5,-12.09005165526905
2280,DAopto-03,merge,658.5,merge,True,Right,tStr_shuff,Left,Center,True,,399.5,-4.272591337808727
2281,DAopto-03,merge,658.5,merge,True,Right,tStr_shuff,Left,Center,True,,404.5,7.096456281238888
2282,DAopto-03,merge,658.5,merge,True,Right,tStr_shuff,Left,Center,True,,409.5,-3.8757659409833316
2283,DAopto-03,merge,658.5,merge,True,Right,tStr_shuff,Left,Center,True,,414.5,-8.824745532820067
2284,DAopto-03,merge,658.5,merge,True,Right,tStr_shuff,Left,Center,True,,419.5,-15.89957546479286
2285,DAopto-03,merge,658.5,merge,True,Right,tStr_shuff,Left,Center,True,,424.5,-24.25275006796746
2286,DAopto-03,merge,658.5,merge,True,Right,tStr_shuff,Left,Center,True,,429.5,-9.828146893364284
2287,DAopto-03,merge,658.5,merge,True,Right,tStr_shuff,Left,Center,True,,434.5,-9.453997233500338
2288,DAopto-03,merge,658.5,merge,True,Right,tStr_shuff,Left,Center,True,,439.5,1.3963429025540819
2289,DAopto-03,merge,658.5,merge,True,Right,tStr_shuff,Left,Center,True,,444.5,3.7092680726221126
2290,DAopto-03,merge,658.5,merge,True,Right,tStr_shuff,Left,Center,True,,449.5,-1.375765940983328
2291,DAopto-03,merge,658.5,merge,True,Right,tStr_shuff,Left,Center,True,,454.5,-1.9313214965388816
2292,DAopto-03,merge,658.5,merge,True,Right,tStr_shuff,Left,Center,True,,459.5,-6.058305623523015
2293,DAopto-03,merge,658.5,merge,True,Right,tStr_shuff,Left,Center,True,,464.5,-12.566242131459518
2294,DAopto-03,merge,658.5,merge,True,Right,tStr_shuff,Left,Center,True,,469.5,-12.804337369554762
2295,DAopto-03,merge,658.5,merge,True,Right,tStr_shuff,Left,Center,True,,474.5,-11.613861179078572
2296,DAopto-03,merge,658.5,merge,True,Right,tStr_shuff,Left,Center,True,,479.5,-9.334949614452718
2297,DAopto-03,merge,658.5,merge,True,Right,tStr_shuff,Left,Center,True,,484.5,-15.423384988602379
2298,DAopto-03,merge,658.5,merge,True,Right,tStr_shuff,Left,Center,True,,489.5,-24.351956417173803
2299,DAopto-03,merge,658.5,merge,True,Right,tStr_shuff,Left,Center,True,,494.5,-15.23631015867041
2300,DAopto-03,merge,658.5,merge,True,Right,tStr_shuff,Left,Center,True,,499.5,-9.947194512411908
2301,DAopto-03,merge,658.5,merge,True,Right,tStr_shuff,Left,Center,True,,504.5,-13.042432607650003
2302,DAopto-03,merge,658.5,merge,True,Right,tStr_shuff,Left,Center,True,,509.5,-5.661480226697613
2303,DAopto-03,merge,658.5,merge,True,Right,tStr_shuff,Left,Center,True,,514.5,-7.855357777718023
2304,DAopto-03,merge,658.5,merge,True,Right,tStr_shuff,Left,Center,True,,519.5,-2.4471945124118974
2305,DAopto-03,merge,658.5,merge,True,Right,tStr_shuff,Left,Center,True,,524.5,-3.875765940983328
2306,DAopto-03,merge,658.5,merge,True,Right,tStr_shuff,Left,Center,True,,529.5,5.154846303914628
2307,DAopto-03,merge,658.5,merge,True,Right,tStr_shuff,Left,Center,True,,534.5,3.6242340590166684
2308,DAopto-03,merge,658.5,merge,True,Right,tStr_shuff,Left,Center,True,,539.5,8.386138820921431
2309,DAopto-03,merge,658.5,merge,True,Right,tStr_shuff,Left,Center,True,,544.5,1.8385197733023837
2310,DAopto-03,merge,658.5,merge,True,Right,tStr_shuff,Left,Center,True,,549.5,-5.542432607649989
2311,DAopto-03,merge,658.5,merge,True,Right,tStr_shuff,Left,Center,True,,554.5,-3.5186230838404633
2312,DAopto-03,merge,658.5,merge,True,Right,tStr_shuff,Left,Center,True,,559.5,-6.732908798126195
2313,DAopto-03,merge,658.5,merge,True,Right,tStr_shuff,Left,Center,True,,564.5,-2.447194512411903
2314,DAopto-03,merge,658.5,merge,True,Right,tStr_shuff,Left,Center,True,,569.5,-7.158078866153401
2315,DAopto-03,merge,658.5,merge,True,Right,tStr_shuff,Left,Center,True,,574.5,-9.047723612941002
2316,DAopto-03,merge,658.5,merge,True,Right,tStr_shuff,Left,Center,True,,579.5,-14.411480226697616
2317,DAopto-03,merge,658.5,merge,True,Right,tStr_shuff,Left,Center,True,,584.5,-21.052636689282647
2318,DAopto-03,merge,658.5,merge,True,Right,tStr_shuff,Left,Center,True,,589.5,-20.780527845745237
2319,DAopto-03,merge,658.5,merge,True,Right,tStr_shuff,Left,Center,True,,594.5,-14.59005165526904
2320,DAopto-03,merge,658.5,merge,True,Right,tStr_shuff,Left,Center,True,,599.5,-14.232908798126193
2321,DAopto-03,merge,658.5,merge,True,Right,tStr_shuff,Left,Center,True,,604.5,-9.471004036221423
2322,DAopto-03,merge,658.5,merge,True,Right,tStr_shuff,Left,Center,True,,609.5,-5.026559591776984
2323,DAopto-03,merge,658.5,merge,True,Right,tStr_shuff,Left,Center,True,,614.5,-0.6217976870150785
2324,DAopto-03,merge,658.5,merge,True,Right,tStr_shuff,Left,Center,True,,619.5,-4.113861179078569
2325,DAopto-03,merge,658.5,merge,True,Right,tStr_shuff,Left,Center,True,,624.5,-2.923384988602379
2326,DAopto-03,merge,658.5,merge,True,Right,tStr_shuff,Left,Center,True,,629.5,-3.637670702888091
2327,DAopto-03,merge,658.5,merge,True,Right,tStr_shuff,Left,Center,True,,634.5,-2.328146893364284
2433,DAopto-03,merge,662.0,merge,True,Left,tStr_shuff,Right,Center,True,,75.5,0.0
2434,DAopto-03,merge,662.0,merge,True,Left,tStr_shuff,Right,Center,True,,149.5,5.8863912903205
2435,DAopto-03,merge,662.0,merge,True,Left,tStr_shuff,Right,Center,True,,154.5,1.243534147463354
2436,DAopto-03,merge,662.0,merge,True,Left,tStr_shuff,Right,Center,True,,159.5,1.0054389093681202
2437,DAopto-03,merge,662.0,merge,True,Left,tStr_shuff,Right,Center,True,,164.5,9.06099446492367
2438,DAopto-03,merge,662.0,merge,True,Left,tStr_shuff,Right,Center,True,,169.5,8.676101580030785
2439,DAopto-03,merge,662.0,merge,True,Left,tStr_shuff,Right,Center,True,,174.5,-1.122433218504014
2440,DAopto-03,merge,662.0,merge,True,Left,tStr_shuff,Right,Center,True,,179.5,1.3475967515259661
2441,DAopto-03,merge,662.0,merge,True,Left,tStr_shuff,Right,Center,True,,184.5,-4.550116646187433
2442,DAopto-03,merge,662.0,merge,True,Left,tStr_shuff,Right,Center,True,,189.5,3.9022643061935156
2443,DAopto-03,merge,662.0,merge,True,Left,tStr_shuff,Right,Center,True,,194.5,10.340756369685572
2444,DAopto-03,merge,662.0,merge,True,Left,tStr_shuff,Right,Center,True,,199.5,12.235597639526848
2445,DAopto-03,merge,662.0,merge,True,Left,tStr_shuff,Right,Center,True,,204.5,11.51626142019062
2446,DAopto-03,merge,662.0,merge,True,Left,tStr_shuff,Right,Center,True,,209.5,13.377566781495986
2447,DAopto-03,merge,662.0,merge,True,Left,tStr_shuff,Right,Center,True,,214.5,8.993534147463354
2448,DAopto-03,merge,662.0,merge,True,Left,tStr_shuff,Right,Center,True,,219.5,3.1879785919078003
2449,DAopto-03,merge,662.0,merge,True,Left,tStr_shuff,Right,Center,True,,224.5,5.632617286546495
2450,DAopto-03,merge,662.0,merge,True,Left,tStr_shuff,Right,Center,True,,229.5,7.0215061754353805
2451,DAopto-03,merge,662.0,merge,True,Left,tStr_shuff,Right,Center,True,,234.5,-6.727245073315867
2452,DAopto-03,merge,662.0,merge,True,Left,tStr_shuff,Right,Center,True,,239.5,-11.405275376346165
2453,DAopto-03,merge,662.0,merge,True,Left,tStr_shuff,Right,Center,True,,244.5,-12.685037281108073
2454,DAopto-03,merge,662.0,merge,True,Left,tStr_shuff,Right,Center,True,,249.5,-6.955870614441402
2455,DAopto-03,merge,662.0,merge,True,Left,tStr_shuff,Right,Center,True,,254.5,-7.17908490015569
2456,DAopto-03,merge,662.0,merge,True,Left,tStr_shuff,Right,Center,True,,259.5,1.7792484331776386
2457,DAopto-03,merge,662.0,merge,True,Left,tStr_shuff,Right,Center,True,,264.5,0.9904538943831085
2458,DAopto-03,merge,662.0,merge,True,Left,tStr_shuff,Right,Center,True,,269.5,0.49948652841573704
2459,DAopto-03,merge,662.0,merge,True,Left,tStr_shuff,Right,Center,True,,274.5,-2.657026076626284
2460,DAopto-03,merge,662.0,merge,True,Left,tStr_shuff,Right,Center,True,,279.5,-5.009379605450402
2461,DAopto-03,merge,662.0,merge,True,Left,tStr_shuff,Right,Center,True,,284.5,-8.04218013825093
2462,DAopto-03,merge,662.0,merge,True,Left,tStr_shuff,Right,Center,True,,289.5,-6.097735693806484
2463,DAopto-03,merge,662.0,merge,True,Left,tStr_shuff,Right,Center,True,,294.5,-2.159243630314421
2464,DAopto-03,merge,662.0,merge,True,Left,tStr_shuff,Right,Center,True,,299.5,5.345716687145899
2465,DAopto-03,merge,662.0,merge,True,Left,tStr_shuff,Right,Center,True,,304.5,3.2856586895878976
2466,DAopto-03,merge,662.0,merge,True,Left,tStr_shuff,Right,Center,True,,309.5,2.260017663946872
2467,DAopto-03,merge,662.0,merge,True,Left,tStr_shuff,Right,Center,True,,314.5,3.5911864951157
2468,DAopto-03,merge,662.0,merge,True,Left,tStr_shuff,Right,Center,True,,319.5,6.084803988733196
2469,DAopto-03,merge,662.0,merge,True,Left,tStr_shuff,Right,Center,True,,324.5,7.579281733210948
2470,DAopto-03,merge,662.0,merge,True,Left,tStr_shuff,Right,Center,True,,329.5,11.501470655399867
2471,DAopto-03,merge,662.0,merge,True,Left,tStr_shuff,Right,Center,True,,334.5,10.335796052225259
2472,DAopto-03,merge,662.0,merge,True,Left,tStr_shuff,Right,Center,True,,339.5,6.749486528415737
2473,DAopto-03,merge,662.0,merge,True,Left,tStr_shuff,Right,Center,True,,344.5,5.49423442757541
2474,DAopto-03,merge,662.0,merge,True,Left,tStr_shuff,Right,Center,True,,349.5,-1.8517039477747392
2475,DAopto-03,merge,662.0,merge,True,Left,tStr_shuff,Right,Center,True,,354.5,0.5887722427014523
2476,DAopto-03,merge,662.0,merge,True,Left,tStr_shuff,Right,Center,True,,359.5,0.7456986496278581
2477,DAopto-03,merge,662.0,merge,True,Left,tStr_shuff,Right,Center,True,,364.5,1.51950817343738
2478,DAopto-03,merge,662.0,merge,True,Left,tStr_shuff,Right,Center,True,,369.5,-2.3312244272952185
2479,DAopto-03,merge,662.0,merge,True,Left,tStr_shuff,Right,Center,True,,374.5,4.6101675140967195
2480,DAopto-03,merge,662.0,merge,True,Left,tStr_shuff,Right,Center,True,,379.5,2.9498833538125595
2481,DAopto-03,merge,662.0,merge,True,Left,tStr_shuff,Right,Center,True,,384.5,3.227661131590338
2482,DAopto-03,merge,662.0,merge,True,Left,tStr_shuff,Right,Center,True,,389.5,2.0524474563766653
2483,DAopto-03,merge,662.0,merge,True,Left,tStr_shuff,Right,Center,True,,394.5,2.4340103379395437
2484,DAopto-03,merge,662.0,merge,True,Left,tStr_shuff,Right,Center,True,,399.5,-4.5302753763461645
2485,DAopto-03,merge,662.0,merge,True,Left,tStr_shuff,Right,Center,True,,404.5,-6.061660657731441
2486,DAopto-03,merge,662.0,merge,True,Left,tStr_shuff,Right,Center,True,,409.5,-1.705183801254588
2487,DAopto-03,merge,662.0,merge,True,Left,tStr_shuff,Right,Center,True,,414.5,2.1363912903205033
2488,DAopto-03,merge,662.0,merge,True,Left,tStr_shuff,Right,Center,True,,419.5,4.279248433177642
2489,DAopto-03,merge,662.0,merge,True,Left,tStr_shuff,Right,Center,True,,424.5,8.531246435175643
2490,DAopto-03,merge,662.0,merge,True,Left,tStr_shuff,Right,Center,True,,429.5,5.053057956987164
2491,DAopto-03,merge,662.0,merge,True,Left,tStr_shuff,Right,Center,True,,434.5,3.5054389093681166
2492,DAopto-03,merge,662.0,merge,True,Left,tStr_shuff,Right,Center,True,,439.5,2.0281661820953865
2493,DAopto-03,merge,662.0,merge,True,Left,tStr_shuff,Right,Center,True,,444.5,8.006354660283865
2494,DAopto-03,merge,662.0,merge,True,Left,tStr_shuff,Right,Center,True,,449.5,8.483793887723095
2495,DAopto-03,merge,662.0,merge,True,Left,tStr_shuff,Right,Center,True,,454.5,14.256354660283861
2496,DAopto-03,merge,662.0,merge,True,Left,tStr_shuff,Right,Center,True,,459.5,6.499944403873613
2497,DAopto-03,merge,662.0,merge,True,Left,tStr_shuff,Right,Center,True,,464.5,1.6403595442887458
2498,DAopto-03,merge,662.0,merge,True,Left,tStr_shuff,Right,Center,True,,469.5,4.151697412769476
2499,DAopto-03,merge,662.0,merge,True,Left,tStr_shuff,Right,Center,True,,474.5,1.1623653162945224
2500,DAopto-03,merge,662.0,merge,True,Left,tStr_shuff,Right,Center,True,,479.5,-5.404579643507574
2501,DAopto-03,merge,662.0,merge,True,Left,tStr_shuff,Right,Center,True,,484.5,-12.68812942705736
2502,DAopto-03,merge,662.0,merge,True,Left,tStr_shuff,Right,Center,True,,489.5,-14.351703947774736
2503,DAopto-03,merge,662.0,merge,True,Left,tStr_shuff,Right,Center,True,,494.5,-18.597735693806484
2504,DAopto-03,merge,662.0,merge,True,Left,tStr_shuff,Right,Center,True,,499.5,-17.85819745426825
2505,DAopto-03,merge,662.0,merge,True,Left,tStr_shuff,Right,Center,True,,504.5,-6.884171480242269
2506,DAopto-03,merge,662.0,merge,True,Left,tStr_shuff,Right,Center,True,,509.5,-2.468587064657857
2507,DAopto-03,merge,662.0,merge,True,Left,tStr_shuff,Right,Center,True,,514.5,-5.6828727789435725
2508,DAopto-03,merge,662.0,merge,True,Left,tStr_shuff,Right,Center,True,,519.5,-5.19585979193058
2509,DAopto-03,merge,662.0,merge,True,Left,tStr_shuff,Right,Center,True,,524.5,-5.4826563287271135
2510,DAopto-03,merge,662.0,merge,True,Left,tStr_shuff,Right,Center,True,,529.5,-10.676490272561065
2511,DAopto-03,merge,662.0,merge,True,Left,tStr_shuff,Right,Center,True,,534.5,-12.923132519203303
2512,DAopto-03,merge,662.0,merge,True,Left,tStr_shuff,Right,Center,True,,539.5,-16.505383601454398
2513,DAopto-03,merge,662.0,merge,True,Left,tStr_shuff,Right,Center,True,,544.5,-8.555000651071438
2514,DAopto-03,merge,662.0,merge,True,Left,tStr_shuff,Right,Center,True,,549.5,-8.399322995393792
2515,DAopto-03,merge,662.0,merge,True,Left,tStr_shuff,Right,Center,True,,554.5,-3.9350372811080767
2516,DAopto-03,merge,662.0,merge,True,Left,tStr_shuff,Right,Center,True,,559.5,2.1704048957626725
2517,DAopto-03,merge,662.0,merge,True,Left,tStr_shuff,Right,Center,True,,564.5,8.056602031959812
2518,DAopto-03,merge,662.0,merge,True,Left,tStr_shuff,Right,Center,True,,569.5,-0.3901099861807751
2519,DAopto-03,merge,662.0,merge,True,Left,tStr_shuff,Right,Center,True,,574.5,1.3625817665109743
2520,DAopto-03,merge,662.0,merge,True,Left,tStr_shuff,Right,Center,True,,579.5,1.5124319163611304
2521,DAopto-03,merge,662.0,merge,True,Left,tStr_shuff,Right,Center,True,,584.5,-2.0897991858699783
2522,DAopto-03,merge,662.0,merge,True,Left,tStr_shuff,Right,Center,True,,589.5,-7.238608709679504
2523,DAopto-03,merge,662.0,merge,True,Left,tStr_shuff,Right,Center,True,,594.5,-4.768370614441405
2524,DAopto-03,merge,662.0,merge,True,Left,tStr_shuff,Right,Center,True,,599.5,1.1985995069404822
2525,DAopto-03,merge,662.0,merge,True,Left,tStr_shuff,Right,Center,True,,604.5,-12.327894423965212
2526,DAopto-03,merge,662.0,merge,True,Left,tStr_shuff,Right,Center,True,,609.5,-5.6810690271398165
2527,DAopto-03,DAopto-03 Apr07 13:27,702.0,Aud_Psycho,True,Left,tStr_shuff,Right,Center,True,64.13537840765598,614.5,4.051344557392113
2528,DAopto-03,DAopto-03 Apr07 13:27,702.0,Aud_Psycho,True,Left,tStr_shuff,Right,Center,True,64.13537840765598,619.5,-9.792192857573873
2529,DAopto-03,DAopto-03 Apr07 13:27,702.0,Aud_Psycho,True,Left,tStr_shuff,Right,Center,True,64.13537840765598,624.5,-0.03028809566910695
2530,DAopto-03,DAopto-03 Apr07 13:27,702.0,Aud_Psycho,True,Left,tStr_shuff,Right,Center,True,64.13537840765598,629.5,-10.506478571859596
2531,DAopto-03,DAopto-03 Apr07 13:27,702.0,Aud_Psycho,True,Left,tStr_shuff,Right,Center,True,64.13537840765598,634.5,-19.871557936938963
2532,DAopto-03,DAopto-03 Apr07 13:27,702.0,Aud_Psycho,True,Left,tStr_shuff,Right,Center,True,64.13537840765598,639.5,-34.79219285757388
2533,DAopto-03,DAopto-03 Apr07 13:27,702.0,Aud_Psycho,True,Left,tStr_shuff,Right,Center,True,64.13537840765598,644.5,-24.871557936938963
2534,DAopto-03,DAopto-03 Apr07 13:27,702.0,Aud_Psycho,True,Left,tStr_shuff,Right,Center,True,64.13537840765598,649.5,-21.45885952424055
2535,DAopto-03,DAopto-03 Apr07 13:27,702.0,Aud_Psycho,True,Left,tStr_shuff,Right,Center,True,64.13537840765598,654.5,-14.55409761947864
2536,DAopto-03,DAopto-03 Apr07 13:27,702.0,Aud_Psycho,True,Left,tStr_shuff,Right,Center,True,64.13537840765598,659.5,9.295108729727716
2537,DAopto-03,DAopto-03 Apr07 13:27,702.0,Aud_Psycho,True,Left,tStr_shuff,Right,Center,True,64.13537840765598,664.5,13.461775396394387
2538,DAopto-03,DAopto-03 Apr07 13:27,702.0,Aud_Psycho,True,Left,tStr_shuff,Right,Center,True,64.13537840765598,669.5,16.51733095194993
2539,DAopto-03,DAopto-03 Apr07 13:27,702.0,Aud_Psycho,True,Left,tStr_shuff,Right,Center,True,64.13537840765598,674.5,10.683997618616615
2540,DAopto-03,DAopto-03 Apr07 13:27,702.0,Aud_Psycho,True,Left,tStr_shuff,Right,Center,True,64.13537840765598,679.5,16.36426972746014
2541,DAopto-03,DAopto-03 Apr07 13:27,702.0,Aud_Psycho,True,Left,tStr_shuff,Right,Center,True,64.13537840765598,684.5,-3.7717846943085718
2542,DAopto-03,DAopto-03 Apr07 13:27,702.0,Aud_Psycho,True,Left,tStr_shuff,Right,Center,True,64.13537840765598,689.5,-21.101716667097683
2642,DAopto-03,DAopto-03 Apr08 13:59,666.0,Aud_Psycho,True,Right,tStr_shuff,Left,Center,True,31.646487570400616,639.5,-12.393500219587175
2643,DAopto-03,DAopto-03 Apr08 13:59,666.0,Aud_Psycho,True,Right,tStr_shuff,Left,Center,True,31.646487570400616,644.5,-4.29826212434908
2644,DAopto-03,DAopto-03 Apr08 13:59,666.0,Aud_Psycho,True,Right,tStr_shuff,Left,Center,True,31.646487570400616,649.5,-3.107785933872883
3205,DAopto-04,DAopto-04 Apr07 13:31,658.0,Aud_Psycho,True,Left,tStr_shuff,Right,Center,True,51.603076013013904,75.5,0.0
3206,DAopto-04,DAopto-04 Apr07 13:31,658.0,Aud_Psycho,True,Left,tStr_shuff,Right,Center,True,51.603076013013904,149.5,7.619981631096373
3207,DAopto-04,DAopto-04 Apr07 13:31,658.0,Aud_Psycho,True,Left,tStr_shuff,Right,Center,True,51.603076013013904,154.5,8.810457821572562
3208,DAopto-04,DAopto-04 Apr07 13:31,658.0,Aud_Psycho,True,Left,tStr_shuff,Right,Center,True,51.603076013013904,159.5,7.024743535858278
3209,DAopto-04,DAopto-04 Apr07 13:31,658.0,Aud_Psycho,True,Left,tStr_shuff,Right,Center,True,51.603076013013904,164.5,-16.78478027366554
3210,DAopto-04,DAopto-04 Apr07 13:31,658.0,Aud_Psycho,True,Left,tStr_shuff,Right,Center,True,51.603076013013904,169.5,-11.189542178427438
3211,DAopto-04,DAopto-04 Apr07 13:31,658.0,Aud_Psycho,True,Left,tStr_shuff,Right,Center,True,51.603076013013904,174.5,-12.618113606998868
3212,DAopto-04,DAopto-04 Apr07 13:31,658.0,Aud_Psycho,True,Left,tStr_shuff,Right,Center,True,51.603076013013904,179.5,-16.189542178427438
3213,DAopto-04,DAopto-04 Apr07 13:31,658.0,Aud_Psycho,True,Left,tStr_shuff,Right,Center,True,51.603076013013904,184.5,-12.618113606998868
3214,DAopto-04,DAopto-04 Apr07 13:31,658.0,Aud_Psycho,True,Left,tStr_shuff,Right,Center,True,51.603076013013904,189.5,-11.427637416522678
3215,DAopto-04,DAopto-04 Apr07 13:31,658.0,Aud_Psycho,True,Left,tStr_shuff,Right,Center,True,51.603076013013904,194.5,-16.189542178427438
3216,DAopto-04,DAopto-04 Apr07 13:31,658.0,Aud_Psycho,True,Left,tStr_shuff,Right,Center,True,51.603076013013904,199.5,-11.427637416522678
3217,DAopto-04,DAopto-04 Apr07 13:31,658.0,Aud_Psycho,True,Left,tStr_shuff,Right,Center,True,51.603076013013904,204.5,-0.4752564641417223
3218,DAopto-04,DAopto-04 Apr07 13:31,658.0,Aud_Psycho,True,Left,tStr_shuff,Right,Center,True,51.603076013013904,209.5,11.191410202524942
3219,DAopto-04,DAopto-04 Apr07 13:31,658.0,Aud_Psycho,True,Left,tStr_shuff,Right,Center,True,51.603076013013904,214.5,5.239029250143993
3220,DAopto-04,DAopto-04 Apr07 13:31,658.0,Aud_Psycho,True,Left,tStr_shuff,Right,Center,True,51.603076013013904,219.5,6.6676006787154165
3221,DAopto-04,DAopto-04 Apr07 13:31,658.0,Aud_Psycho,True,Left,tStr_shuff,Right,Center,True,51.603076013013904,224.5,4.048553059667803
3222,DAopto-04,DAopto-04 Apr07 13:31,658.0,Aud_Psycho,True,Left,tStr_shuff,Right,Center,True,51.603076013013904,229.5,-1.903827892713153
3223,DAopto-04,DAopto-04 Apr07 13:31,658.0,Aud_Psycho,True,Left,tStr_shuff,Right,Center,True,51.603076013013904,234.5,-5.475256464141722
3224,DAopto-04,DAopto-04 Apr07 13:31,658.0,Aud_Psycho,True,Left,tStr_shuff,Right,Center,True,51.603076013013904,239.5,-12.618113606998868
3225,DAopto-04,DAopto-04 Apr07 13:31,658.0,Aud_Psycho,True,Left,tStr_shuff,Right,Center,True,51.603076013013904,244.5,-6.665732654617912
3226,DAopto-04,DAopto-04 Apr07 13:31,658.0,Aud_Psycho,True,Left,tStr_shuff,Right,Center,True,51.603076013013904,249.5,-1.903827892713153
3227,DAopto-04,DAopto-04 Apr07 13:31,658.0,Aud_Psycho,True,Left,tStr_shuff,Right,Center,True,51.603076013013904,254.5,-1.903827892713153
3228,DAopto-04,DAopto-04 Apr07 13:31,658.0,Aud_Psycho,True,Left,tStr_shuff,Right,Center,True,51.603076013013904,259.5,-2.3800183689036274
3229,DAopto-04,DAopto-04 Apr07 13:31,658.0,Aud_Psycho,True,Left,tStr_shuff,Right,Center,True,51.603076013013904,264.5,1.6676006787154165
3230,DAopto-04,DAopto-04 Apr07 13:31,658.0,Aud_Psycho,True,Left,tStr_shuff,Right,Center,True,51.603076013013904,269.5,2.8580768691916134
3231,DAopto-04,DAopto-04 Apr07 13:31,658.0,Aud_Psycho,True,Left,tStr_shuff,Right,Center,True,51.603076013013904,274.5,2.8580768691916134
3232,DAopto-04,DAopto-04 Apr07 13:31,658.0,Aud_Psycho,True,Left,tStr_shuff,Right,Center,True,51.603076013013904,279.5,0.4771244882392338
3233,DAopto-04,DAopto-04 Apr07 13:31,658.0,Aud_Psycho,True,Left,tStr_shuff,Right,Center,True,51.603076013013904,284.5,-10.237161226046481
3234,DAopto-04,DAopto-04 Apr07 13:31,658.0,Aud_Psycho,True,Left,tStr_shuff,Right,Center,True,51.603076013013904,289.5,-7.022875511760773
3235,DAopto-04,DAopto-04 Apr07 13:31,658.0,Aud_Psycho,True,Left,tStr_shuff,Right,Center,True,51.603076013013904,294.5,-6.626050114935374
3236,DAopto-04,DAopto-04 Apr07 13:31,658.0,Aud_Psycho,True,Left,tStr_shuff,Right,Center,True,51.603076013013904,299.5,1.239029250143993
3237,DAopto-04,DAopto-04 Apr07 13:31,658.0,Aud_Psycho,True,Left,tStr_shuff,Right,Center,True,51.603076013013904,304.5,-9.897025171624719
3238,DAopto-04,DAopto-04 Apr07 13:31,658.0,Aud_Psycho,True,Left,tStr_shuff,Right,Center,True,51.603076013013904,309.5,-18.570494559379824
3239,DAopto-04,DAopto-04 Apr07 13:31,658.0,Aud_Psycho,True,Left,tStr_shuff,Right,Center,True,51.603076013013904,314.5,-8.026276872304997
3240,DAopto-04,DAopto-04 Apr07 13:31,658.0,Aud_Psycho,True,Left,tStr_shuff,Right,Center,True,51.603076013013904,319.5,-18.570494559379817
3241,DAopto-04,DAopto-04 Apr07 13:31,658.0,Aud_Psycho,True,Left,tStr_shuff,Right,Center,True,51.603076013013904,324.5,-0.11811360699886819
3242,DAopto-04,DAopto-04 Apr07 13:31,658.0,Aud_Psycho,True,Left,tStr_shuff,Right,Center,True,51.603076013013904,329.5,-0.051976040861298145
3243,DAopto-04,DAopto-04 Apr07 13:31,658.0,Aud_Psycho,True,Left,tStr_shuff,Right,Center,True,51.603076013013904,334.5,-0.2371612260464886
3244,DAopto-04,DAopto-04 Apr07 13:31,658.0,Aud_Psycho,True,Left,tStr_shuff,Right,Center,True,51.603076013013904,339.5,3.096172107286847
3245,DAopto-04,DAopto-04 Apr07 13:31,658.0,Aud_Psycho,True,Left,tStr_shuff,Right,Center,True,51.603076013013904,344.5,6.6676006787154165
3246,DAopto-04,DAopto-04 Apr07 13:31,658.0,Aud_Psycho,True,Left,tStr_shuff,Right,Center,True,51.603076013013904,349.5,1.9056959168106573
3247,DAopto-04,DAopto-04 Apr07 13:31,658.0,Aud_Psycho,True,Left,tStr_shuff,Right,Center,True,51.603076013013904,354.5,-4.28478027366554
3248,DAopto-04,DAopto-04 Apr07 13:31,658.0,Aud_Psycho,True,Left,tStr_shuff,Right,Center,True,51.603076013013904,359.5,-4.999065987951248
3249,DAopto-04,DAopto-04 Apr07 13:31,658.0,Aud_Psycho,True,Left,tStr_shuff,Right,Center,True,51.603076013013904,364.5,-11.427637416522678
3250,DAopto-04,DAopto-04 Apr07 13:31,658.0,Aud_Psycho,True,Left,tStr_shuff,Right,Center,True,51.603076013013904,369.5,-17.141923130808394
3251,DAopto-04,DAopto-04 Apr07 13:31,658.0,Aud_Psycho,True,Left,tStr_shuff,Right,Center,True,51.603076013013904,374.5,-15.679338096794787
3252,DAopto-04,DAopto-04 Apr07 13:31,658.0,Aud_Psycho,True,Left,tStr_shuff,Right,Center,True,51.603076013013904,379.5,-4.6816056704909315
3253,DAopto-04,DAopto-04 Apr07 13:31,658.0,Aud_Psycho,True,Left,tStr_shuff,Right,Center,True,51.603076013013904,384.5,-1.90382789271316
3254,DAopto-04,DAopto-04 Apr07 13:31,658.0,Aud_Psycho,True,Left,tStr_shuff,Right,Center,True,51.603076013013904,389.5,-4.28478027366554
3255,DAopto-04,DAopto-04 Apr07 13:31,658.0,Aud_Psycho,True,Left,tStr_shuff,Right,Center,True,51.603076013013904,394.5,10.000934012048752
3256,DAopto-04,DAopto-04 Apr07 13:31,658.0,Aud_Psycho,True,Left,tStr_shuff,Right,Center,True,51.603076013013904,399.5,2.381886393001132
3257,DAopto-04,DAopto-04 Apr07 13:31,658.0,Aud_Psycho,True,Left,tStr_shuff,Right,Center,True,51.603076013013904,404.5,5.477124488239234
3258,DAopto-04,DAopto-04 Apr07 13:31,658.0,Aud_Psycho,True,Left,tStr_shuff,Right,Center,True,51.603076013013904,409.5,10.239029250143993
3259,DAopto-04,DAopto-04 Apr07 13:31,658.0,Aud_Psycho,True,Left,tStr_shuff,Right,Center,True,51.603076013013904,414.5,6.429505440620183
3260,DAopto-04,DAopto-04 Apr07 13:31,658.0,Aud_Psycho,True,Left,tStr_shuff,Right,Center,True,51.603076013013904,419.5,9.405695916810657
3261,DAopto-04,DAopto-04 Apr07 13:31,658.0,Aud_Psycho,True,Left,tStr_shuff,Right,Center,True,51.603076013013904,424.5,7.619981631096373
3262,DAopto-04,DAopto-04 Apr07 13:31,658.0,Aud_Psycho,True,Left,tStr_shuff,Right,Center,True,51.603076013013904,429.5,-0.03307959339343114
3263,DAopto-04,DAopto-04 Apr07 13:31,658.0,Aud_Psycho,True,Left,tStr_shuff,Right,Center,True,51.603076013013904,434.5,-5.985460545774373
3264,DAopto-04,DAopto-04 Apr07 13:31,658.0,Aud_Psycho,True,Left,tStr_shuff,Right,Center,True,51.603076013013904,439.5,-4.760970749856007
3265,DAopto-04,DAopto-04 Apr07 13:31,658.0,Aud_Psycho,True,Left,tStr_shuff,Right,Center,True,51.603076013013904,444.5,-7.618113606998868
3266,DAopto-04,DAopto-04 Apr07 13:31,658.0,Aud_Psycho,True,Left,tStr_shuff,Right,Center,True,51.603076013013904,449.5,-26.903827892713153
3267,DAopto-04,DAopto-04 Apr07 13:31,658.0,Aud_Psycho,True,Left,tStr_shuff,Right,Center,True,51.603076013013904,454.5,-25.792716781602042
3268,DAopto-04,DAopto-04 Apr07 13:31,658.0,Aud_Psycho,True,Left,tStr_shuff,Right,Center,True,51.603076013013904,459.5,-10.475256464141722
3269,DAopto-04,DAopto-04 Apr07 13:31,658.0,Aud_Psycho,True,Left,tStr_shuff,Right,Center,True,51.603076013013904,464.5,-8.026276872304997
3270,DAopto-04,DAopto-04 Apr07 13:31,658.0,Aud_Psycho,True,Left,tStr_shuff,Right,Center,True,51.603076013013904,469.5,-9.046685035570299
3271,DAopto-04,DAopto-04 Apr07 13:31,658.0,Aud_Psycho,True,Left,tStr_shuff,Right,Center,True,51.603076013013904,474.5,-12.380018368903627
3272,DAopto-04,DAopto-04 Apr07 13:31,658.0,Aud_Psycho,True,Left,tStr_shuff,Right,Center,True,51.603076013013904,479.5,-12.380018368903627
3273,DAopto-04,DAopto-04 Apr07 13:31,658.0,Aud_Psycho,True,Left,tStr_shuff,Right,Center,True,51.603076013013904,484.5,-27.41403197434581
3274,DAopto-04,DAopto-04 Apr07 13:31,658.0,Aud_Psycho,True,Left,tStr_shuff,Right,Center,True,51.603076013013904,489.5,-18.570494559379817
3275,DAopto-04,DAopto-04 Apr07 13:31,658.0,Aud_Psycho,True,Left,tStr_shuff,Right,Center,True,51.603076013013904,494.5,-7.856208845094102
3276,DAopto-04,DAopto-04 Apr07 13:31,658.0,Aud_Psycho,True,Left,tStr_shuff,Right,Center,True,51.603076013013904,499.5,-5.792716781602039
3277,DAopto-04,DAopto-04 Apr07 13:31,658.0,Aud_Psycho,True,Left,tStr_shuff,Right,Center,True,51.603076013013904,504.5,-0.7133517022369631
3278,DAopto-04,DAopto-04 Apr07 13:31,658.0,Aud_Psycho,True,Left,tStr_shuff,Right,Center,True,51.603076013013904,509.5,7.619981631096373
3279,DAopto-04,DAopto-04 Apr07 13:31,658.0,Aud_Psycho,True,Left,tStr_shuff,Right,Center,True,51.603076013013904,514.5,8.096172107286847
3280,DAopto-04,DAopto-04 Apr07 13:31,658.0,Aud_Psycho,True,Left,tStr_shuff,Right,Center,True,51.603076013013904,519.5,0.8739498850646257
3281,DAopto-04,DAopto-04 Apr07 13:31,658.0,Aud_Psycho,True,Left,tStr_shuff,Right,Center,True,51.603076013013904,524.5,9.524743535858278
3282,DAopto-04,DAopto-04 Apr07 13:31,658.0,Aud_Psycho,True,Left,tStr_shuff,Right,Center,True,51.603076013013904,529.5,6.429505440620183
3283,DAopto-04,DAopto-04 Apr07 13:31,658.0,Aud_Psycho,True,Left,tStr_shuff,Right,Center,True,51.603076013013904,534.5,8.776444216130386
3284,DAopto-04,DAopto-04 Apr07 13:31,658.0,Aud_Psycho,True,Left,tStr_shuff,Right,Center,True,51.603076013013904,539.5,10.953314964429701
3285,DAopto-04,DAopto-04 Apr07 13:31,658.0,Aud_Psycho,True,Left,tStr_shuff,Right,Center,True,51.603076013013904,544.5,8.096172107286847
3286,DAopto-04,DAopto-04 Apr07 13:31,658.0,Aud_Psycho,True,Left,tStr_shuff,Right,Center,True,51.603076013013904,549.5,9.286648297763037
3287,DAopto-04,DAopto-04 Apr07 13:31,658.0,Aud_Psycho,True,Left,tStr_shuff,Right,Center,True,51.603076013013904,554.5,23.096172107286847
3288,DAopto-04,DAopto-04 Apr07 13:31,658.0,Aud_Psycho,True,Left,tStr_shuff,Right,Center,True,51.603076013013904,559.5,9.524743535858278
3289,DAopto-04,DAopto-04 Apr07 13:31,658.0,Aud_Psycho,True,Left,tStr_shuff,Right,Center,True,51.603076013013904,564.5,4.048553059667796
3290,DAopto-04,DAopto-04 Apr07 13:31,658.0,Aud_Psycho,True,Left,tStr_shuff,Right,Center,True,51.603076013013904,569.5,5.239029250143993
3291,DAopto-04,DAopto-04 Apr07 13:31,658.0,Aud_Psycho,True,Left,tStr_shuff,Right,Center,True,51.603076013013904,574.5,5.239029250143993
3292,DAopto-04,DAopto-04 Apr07 13:31,658.0,Aud_Psycho,True,Left,tStr_shuff,Right,Center,True,51.603076013013904,579.5,-1.903827892713153
3293,DAopto-04,DAopto-04 Apr07 13:31,658.0,Aud_Psycho,True,Left,tStr_shuff,Right,Center,True,51.603076013013904,584.5,-5.2371612260464815
3294,DAopto-04,DAopto-04 Apr07 13:31,658.0,Aud_Psycho,True,Left,tStr_shuff,Right,Center,True,51.603076013013904,589.5,-5.2371612260464815
3295,DAopto-04,DAopto-04 Apr07 13:31,658.0,Aud_Psycho,True,Left,tStr_shuff,Right,Center,True,51.603076013013904,594.5,-5.475256464141722
3296,DAopto-04,DAopto-04 Apr07 13:31,658.0,Aud_Psycho,True,Left,tStr_shuff,Right,Center,True,51.603076013013904,599.5,-4.28478027366554
3297,DAopto-04,DAopto-04 Apr07 13:31,658.0,Aud_Psycho,True,Left,tStr_shuff,Right,Center,True,51.603076013013904,604.5,-4.9650523825090715
3298,DAopto-04,DAopto-04 Apr07 13:31,658.0,Aud_Psycho,True,Left,tStr_shuff,Right,Center,True,51.603076013013904,609.5,-6.189542178427438
3299,DAopto-04,DAopto-04 Apr07 13:31,658.0,Aud_Psycho,True,Left,tStr_shuff,Right,Center,True,51.603076013013904,614.5,-1.1895421784274376
3300,DAopto-04,DAopto-04 Apr07 13:31,658.0,Aud_Psycho,True,Left,tStr_shuff,Right,Center,True,51.603076013013904,619.5,-1.903827892713153
3301,DAopto-04,DAopto-04 Apr07 13:31,658.0,Aud_Psycho,True,Left,tStr_shuff,Right,Center,True,51.603076013013904,624.5,-6.665732654617912
3302,DAopto-04,DAopto-04 Apr07 13:31,658.0,Aud_Psycho,True,Left,tStr_shuff,Right,Center,True,51.603076013013904,629.5,-19.250766668223356
3303,DAopto-04,DAopto-04 Apr07 13:31,658.0,Aud_Psycho,True,Left,tStr_shuff,Right,Center,True,51.603076013013904,634.5,-8.570494559379824
3304,DAopto-04,DAopto-04 Apr07 13:31,658.0,Aud_Psycho,True,Left,tStr_shuff,Right,Center,True,51.603076013013904,639.5,-15.849406124005675
3305,DAopto-04,DAopto-04 Apr07 13:31,658.0,Aud_Psycho,True,Left,tStr_shuff,Right,Center,True,51.603076013013904,644.5,-14.28478027366554
3828,DAopto-05,DAopto-05 Apr05 15:47,541.0,Aud_Psycho,True,Right,tStr_shuff,Left,Center,True,46.753672445443954,75.5,-0.0
3829,DAopto-05,DAopto-05 Apr05 15:47,541.0,Aud_Psycho,True,Right,tStr_shuff,Left,Center,True,46.753672445443954,149.5,-10.421939734912065
3830,DAopto-05,DAopto-05 Apr05 15:47,541.0,Aud_Psycho,True,Right,tStr_shuff,Left,Center,True,46.753672445443954,154.5,6.72091740794508
3831,DAopto-05,DAopto-05 Apr05 15:47,541.0,Aud_Psycho,True,Right,tStr_shuff,Left,Center,True,46.753672445443954,159.5,13.387584074611745
3832,DAopto-05,DAopto-05 Apr05 15:47,541.0,Aud_Psycho,True,Right,tStr_shuff,Left,Center,True,46.753672445443954,164.5,6.72091740794508
3833,DAopto-05,DAopto-05 Apr05 15:47,541.0,Aud_Psycho,True,Right,tStr_shuff,Left,Center,True,46.753672445443954,169.5,7.435203122230796
3834,DAopto-05,DAopto-05 Apr05 15:47,541.0,Aud_Psycho,True,Right,tStr_shuff,Left,Center,True,46.753672445443954,174.5,3.149488836516511
3835,DAopto-05,DAopto-05 Apr05 15:47,541.0,Aud_Psycho,True,Right,tStr_shuff,Left,Center,True,46.753672445443954,179.5,-2.08860640157873
3836,DAopto-05,DAopto-05 Apr05 15:47,541.0,Aud_Psycho,True,Right,tStr_shuff,Left,Center,True,46.753672445443954,184.5,10.609806296833966
3837,DAopto-05,DAopto-05 Apr05 15:47,541.0,Aud_Psycho,True,Right,tStr_shuff,Left,Center,True,46.753672445443954,189.5,13.387584074611745
3838,DAopto-05,DAopto-05 Apr05 15:47,541.0,Aud_Psycho,True,Right,tStr_shuff,Left,Center,True,46.753672445443954,194.5,-0.6124159253882482
3839,DAopto-05,DAopto-05 Apr05 15:47,541.0,Aud_Psycho,True,Right,tStr_shuff,Left,Center,True,46.753672445443954,199.5,-11.612415925388255
3840,DAopto-05,DAopto-05 Apr05 15:47,541.0,Aud_Psycho,True,Right,tStr_shuff,Left,Center,True,46.753672445443954,204.5,-8.27908259205492
3841,DAopto-05,DAopto-05 Apr05 15:47,541.0,Aud_Psycho,True,Right,tStr_shuff,Left,Center,True,46.753672445443954,209.5,6.244726931754606
3842,DAopto-05,DAopto-05 Apr05 15:47,541.0,Aud_Psycho,True,Right,tStr_shuff,Left,Center,True,46.753672445443954,214.5,9.101869788897467
3843,DAopto-05,DAopto-05 Apr05 15:47,541.0,Aud_Psycho,True,Right,tStr_shuff,Left,Center,True,46.753672445443954,219.5,11.346767748081142
3844,DAopto-05,DAopto-05 Apr05 15:47,541.0,Aud_Psycho,True,Right,tStr_shuff,Left,Center,True,46.753672445443954,224.5,1.4828221698498467
3845,DAopto-05,DAopto-05 Apr05 15:47,541.0,Aud_Psycho,True,Right,tStr_shuff,Left,Center,True,46.753672445443954,229.5,-12.326701639673963
3846,DAopto-05,DAopto-05 Apr05 15:47,541.0,Aud_Psycho,True,Right,tStr_shuff,Left,Center,True,46.753672445443954,234.5,-14.70765402062635
3847,DAopto-05,DAopto-05 Apr05 15:47,541.0,Aud_Psycho,True,Right,tStr_shuff,Left,Center,True,46.753672445443954,239.5,-18.27908259205492
3848,DAopto-05,DAopto-05 Apr05 15:47,541.0,Aud_Psycho,True,Right,tStr_shuff,Left,Center,True,46.753672445443954,244.5,-15.183844496816832
3849,DAopto-05,DAopto-05 Apr05 15:47,541.0,Aud_Psycho,True,Right,tStr_shuff,Left,Center,True,46.753672445443954,249.5,-18.27908259205492
3850,DAopto-05,DAopto-05 Apr05 15:47,541.0,Aud_Psycho,True,Right,tStr_shuff,Left,Center,True,46.753672445443954,254.5,-17.56479687776921
3851,DAopto-05,DAopto-05 Apr05 15:47,541.0,Aud_Psycho,True,Right,tStr_shuff,Left,Center,True,46.753672445443954,259.5,-5.660034973007306
3852,DAopto-05,DAopto-05 Apr05 15:47,541.0,Aud_Psycho,True,Right,tStr_shuff,Left,Center,True,46.753672445443954,264.5,2.775339176652558
3853,DAopto-05,DAopto-05 Apr05 15:47,541.0,Aud_Psycho,True,Right,tStr_shuff,Left,Center,True,46.753672445443954,269.5,-5.31989891858553
3854,DAopto-05,DAopto-05 Apr05 15:47,541.0,Aud_Psycho,True,Right,tStr_shuff,Left,Center,True,46.753672445443954,274.5,5.054250741278416
3855,DAopto-05,DAopto-05 Apr05 15:47,541.0,Aud_Psycho,True,Right,tStr_shuff,Left,Center,True,46.753672445443954,279.5,-6.612415925388255
3856,DAopto-05,DAopto-05 Apr05 15:47,541.0,Aud_Psycho,True,Right,tStr_shuff,Left,Center,True,46.753672445443954,284.5,-11.850511163483489
3857,DAopto-05,DAopto-05 Apr05 15:47,541.0,Aud_Psycho,True,Right,tStr_shuff,Left,Center,True,46.753672445443954,289.5,-7.564796877769204
3858,DAopto-05,DAopto-05 Apr05 15:47,541.0,Aud_Psycho,True,Right,tStr_shuff,Left,Center,True,46.753672445443954,294.5,-1.3743206872930074
3859,DAopto-05,DAopto-05 Apr05 15:47,541.0,Aud_Psycho,True,Right,tStr_shuff,Left,Center,True,46.753672445443954,299.5,0.2923459793736498
3860,DAopto-05,DAopto-05 Apr05 15:47,541.0,Aud_Psycho,True,Right,tStr_shuff,Left,Center,True,46.753672445443954,304.5,-9.231463544435876
3861,DAopto-05,DAopto-05 Apr05 15:47,541.0,Aud_Psycho,True,Right,tStr_shuff,Left,Center,True,46.753672445443954,309.5,-4.4695587825311165
3862,DAopto-05,DAopto-05 Apr05 15:47,541.0,Aud_Psycho,True,Right,tStr_shuff,Left,Center,True,46.753672445443954,314.5,-9.231463544435876
3863,DAopto-05,DAopto-05 Apr05 15:47,541.0,Aud_Psycho,True,Right,tStr_shuff,Left,Center,True,46.753672445443954,319.5,-18.51717783015016
3864,DAopto-05,DAopto-05 Apr05 15:47,541.0,Aud_Psycho,True,Right,tStr_shuff,Left,Center,True,46.753672445443954,324.5,-21.85051116348349
3865,DAopto-05,DAopto-05 Apr05 15:47,541.0,Aud_Psycho,True,Right,tStr_shuff,Left,Center,True,46.753672445443954,329.5,-19.94574925872159
3866,DAopto-05,DAopto-05 Apr05 15:47,541.0,Aud_Psycho,True,Right,tStr_shuff,Left,Center,True,46.753672445443954,334.5,-17.08860640157873
3867,DAopto-05,DAopto-05 Apr05 15:47,541.0,Aud_Psycho,True,Right,tStr_shuff,Left,Center,True,46.753672445443954,339.5,-9.231463544435876
3868,DAopto-05,DAopto-05 Apr05 15:47,541.0,Aud_Psycho,True,Right,tStr_shuff,Left,Center,True,46.753672445443954,344.5,-0.8981302111025329
3869,DAopto-05,DAopto-05 Apr05 15:47,541.0,Aud_Psycho,True,Right,tStr_shuff,Left,Center,True,46.753672445443954,349.5,6.244726931754606
3870,DAopto-05,DAopto-05 Apr05 15:47,541.0,Aud_Psycho,True,Right,tStr_shuff,Left,Center,True,46.753672445443954,354.5,1.4828221698498396
3871,DAopto-05,DAopto-05 Apr05 15:47,541.0,Aud_Psycho,True,Right,tStr_shuff,Left,Center,True,46.753672445443954,359.5,5.29234597937365
3872,DAopto-05,DAopto-05 Apr05 15:47,541.0,Aud_Psycho,True,Right,tStr_shuff,Left,Center,True,46.753672445443954,364.5,5.29234597937365
3873,DAopto-05,DAopto-05 Apr05 15:47,541.0,Aud_Psycho,True,Right,tStr_shuff,Left,Center,True,46.753672445443954,369.5,1.7209174079450804
3874,DAopto-05,DAopto-05 Apr05 15:47,541.0,Aud_Psycho,True,Right,tStr_shuff,Left,Center,True,46.753672445443954,374.5,5.054250741278409
3875,DAopto-05,DAopto-05 Apr05 15:47,541.0,Aud_Psycho,True,Right,tStr_shuff,Left,Center,True,46.753672445443954,379.5,6.006631693659365
3876,DAopto-05,DAopto-05 Apr05 15:47,541.0,Aud_Psycho,True,Right,tStr_shuff,Left,Center,True,46.753672445443954,384.5,7.435203122230796
3877,DAopto-05,DAopto-05 Apr05 15:47,541.0,Aud_Psycho,True,Right,tStr_shuff,Left,Center,True,46.753672445443954,389.5,15.173298360326026
3878,DAopto-05,DAopto-05 Apr05 15:47,541.0,Aud_Psycho,True,Right,tStr_shuff,Left,Center,True,46.753672445443954,394.5,4.476019448761406
3879,DAopto-05,DAopto-05 Apr05 15:47,541.0,Aud_Psycho,True,Right,tStr_shuff,Left,Center,True,46.753672445443954,399.5,5.904590877332836
3880,DAopto-05,DAopto-05 Apr05 15:47,541.0,Aud_Psycho,True,Right,tStr_shuff,Left,Center,True,46.753672445443954,404.5,7.6732983603260365
3881,DAopto-05,DAopto-05 Apr05 15:47,541.0,Aud_Psycho,True,Right,tStr_shuff,Left,Center,True,46.753672445443954,409.5,4.339965026992694
3882,DAopto-05,DAopto-05 Apr05 15:47,541.0,Aud_Psycho,True,Right,tStr_shuff,Left,Center,True,46.753672445443954,414.5,7.197107884135555
3883,DAopto-05,DAopto-05 Apr05 15:47,541.0,Aud_Psycho,True,Right,tStr_shuff,Left,Center,True,46.753672445443954,419.5,12.673298360326037
3884,DAopto-05,DAopto-05 Apr05 15:47,541.0,Aud_Psycho,True,Right,tStr_shuff,Left,Center,True,46.753672445443954,424.5,-4.70765402062635
3885,DAopto-05,DAopto-05 Apr05 15:47,541.0,Aud_Psycho,True,Right,tStr_shuff,Left,Center,True,46.753672445443954,429.5,-6.3743206872930145
3886,DAopto-05,DAopto-05 Apr05 15:47,541.0,Aud_Psycho,True,Right,tStr_shuff,Left,Center,True,46.753672445443954,434.5,-1.6124159253882553
3887,DAopto-05,DAopto-05 Apr05 15:47,541.0,Aud_Psycho,True,Right,tStr_shuff,Left,Center,True,46.753672445443954,439.5,-13.755273068245401
3888,DAopto-05,DAopto-05 Apr05 15:47,541.0,Aud_Psycho,True,Right,tStr_shuff,Left,Center,True,46.753672445443954,444.5,-14.945749258721591
3889,DAopto-05,DAopto-05 Apr05 15:47,541.0,Aud_Psycho,True,Right,tStr_shuff,Left,Center,True,46.753672445443954,449.5,-9.46955878253111
3890,DAopto-05,DAopto-05 Apr05 15:47,541.0,Aud_Psycho,True,Right,tStr_shuff,Left,Center,True,46.753672445443954,454.5,-18.993368306340628
3891,DAopto-05,DAopto-05 Apr05 15:47,541.0,Aud_Psycho,True,Right,tStr_shuff,Left,Center,True,46.753672445443954,459.5,-23.68724585736105
3892,DAopto-05,DAopto-05 Apr05 15:47,541.0,Aud_Psycho,True,Right,tStr_shuff,Left,Center,True,46.753672445443954,464.5,-2.2790825920549196
3893,DAopto-05,DAopto-05 Apr05 15:47,541.0,Aud_Psycho,True,Right,tStr_shuff,Left,Center,True,46.753672445443954,469.5,9.959012646040307
3894,DAopto-05,DAopto-05 Apr05 15:47,541.0,Aud_Psycho,True,Right,tStr_shuff,Left,Center,True,46.753672445443954,474.5,6.006631693659365
3895,DAopto-05,DAopto-05 Apr05 15:47,541.0,Aud_Psycho,True,Right,tStr_shuff,Left,Center,True,46.753672445443954,479.5,5.847901534929214
3896,DAopto-05,DAopto-05 Apr05 15:47,541.0,Aud_Psycho,True,Right,tStr_shuff,Left,Center,True,46.753672445443954,484.5,12.435203122230796
3897,DAopto-05,DAopto-05 Apr05 15:47,541.0,Aud_Psycho,True,Right,tStr_shuff,Left,Center,True,46.753672445443954,489.5,20.530441217468884
3898,DAopto-05,DAopto-05 Apr05 15:47,541.0,Aud_Psycho,True,Right,tStr_shuff,Left,Center,True,46.753672445443954,494.5,15.768536455564124
3899,DAopto-05,DAopto-05 Apr05 15:47,541.0,Aud_Psycho,True,Right,tStr_shuff,Left,Center,True,46.753672445443954,499.5,10.53044121746889
3900,DAopto-05,DAopto-05 Apr05 15:47,541.0,Aud_Psycho,True,Right,tStr_shuff,Left,Center,True,46.753672445443954,504.5,1.0066316936593651
3901,DAopto-05,DAopto-05 Apr05 15:47,541.0,Aud_Psycho,True,Right,tStr_shuff,Left,Center,True,46.753672445443954,509.5,-19.23146354443587
3902,DAopto-05,DAopto-05 Apr05 15:47,541.0,Aud_Psycho,True,Right,tStr_shuff,Left,Center,True,46.753672445443954,514.5,-20.6600349730073
3903,DAopto-05,DAopto-05 Apr05 15:47,541.0,Aud_Psycho,True,Right,tStr_shuff,Left,Center,True,46.753672445443954,519.5,-17.56479687776921
3904,DAopto-05,DAopto-05 Apr05 15:47,541.0,Aud_Psycho,True,Right,tStr_shuff,Left,Center,True,46.753672445443954,524.5,-12.802892115864445
4422,DAopto-06,merge,444.6666666666667,merge,True,Right,tStr_shuff,Left,Center,True,,75.5,0.0
4423,DAopto-06,merge,444.6666666666667,merge,True,Right,tStr_shuff,Left,Center,True,,149.5,-5.89984700241961
4424,DAopto-06,merge,444.6666666666667,merge,True,Right,tStr_shuff,Left,Center,True,,154.5,-6.495085097657705
4425,DAopto-06,merge,444.6666666666667,merge,True,Right,tStr_shuff,Left,Center,True,,159.5,-4.14058774316035
4426,DAopto-06,merge,444.6666666666667,merge,True,Right,tStr_shuff,Left,Center,True,,164.5,-5.746785777929816
4427,DAopto-06,merge,444.6666666666667,merge,True,Right,tStr_shuff,Left,Center,True,,169.5,1.7853381827655734
4428,DAopto-06,merge,444.6666666666667,merge,True,Right,tStr_shuff,Left,Center,True,,174.5,-0.16792460383054456
4429,DAopto-06,merge,444.6666666666667,merge,True,Right,tStr_shuff,Left,Center,True,,179.5,-5.557821303251056
4430,DAopto-06,merge,444.6666666666667,merge,True,Right,tStr_shuff,Left,Center,True,,184.5,-4.272862875435485
4431,DAopto-06,merge,444.6666666666667,merge,True,Right,tStr_shuff,Left,Center,True,,189.5,-4.1385527411253475
4432,DAopto-06,merge,444.6666666666667,merge,True,Right,tStr_shuff,Left,Center,True,,194.5,-3.2919918945645015
4433,DAopto-06,merge,444.6666666666667,merge,True,Right,tStr_shuff,Left,Center,True,,199.5,-1.131929734502343
4434,DAopto-06,merge,444.6666666666667,merge,True,Right,tStr_shuff,Left,Center,True,,204.5,-0.3839739865465989
4435,DAopto-06,merge,444.6666666666667,merge,True,Right,tStr_shuff,Left,Center,True,,209.5,-1.177624780197391
4436,DAopto-06,merge,444.6666666666667,merge,True,Right,tStr_shuff,Left,Center,True,,214.5,-4.987148589721201
4437,DAopto-06,merge,444.6666666666667,merge,True,Right,tStr_shuff,Left,Center,True,,219.5,-6.098259700832308
4438,DAopto-06,merge,444.6666666666667,merge,True,Right,tStr_shuff,Left,Center,True,,224.5,-5.383973986546593
4439,DAopto-06,merge,444.6666666666667,merge,True,Right,tStr_shuff,Left,Center,True,,229.5,-10.701434304006911
4440,DAopto-06,merge,444.6666666666667,merge,True,Right,tStr_shuff,Left,Center,True,,234.5,-12.685561288133892
4441,DAopto-06,merge,444.6666666666667,merge,True,Right,tStr_shuff,Left,Center,True,,239.5,-16.839000441573045
4442,DAopto-06,merge,444.6666666666667,merge,True,Right,tStr_shuff,Left,Center,True,,244.5,-15.582386684959294
4443,DAopto-06,merge,444.6666666666667,merge,True,Right,tStr_shuff,Left,Center,True,,249.5,-10.138663741236348
4444,DAopto-06,merge,444.6666666666667,merge,True,Right,tStr_shuff,Left,Center,True,,254.5,-2.1783370309096433
4445,DAopto-06,merge,444.6666666666667,merge,True,Right,tStr_shuff,Left,Center,True,,259.5,1.7456556430830308
4446,DAopto-06,merge,444.6666666666667,merge,True,Right,tStr_shuff,Left,Center,True,,264.5,-2.791381393954005
4447,DAopto-06,merge,444.6666666666667,merge,True,Right,tStr_shuff,Left,Center,True,,269.5,-2.236427088999695
4448,DAopto-06,merge,444.6666666666667,merge,True,Right,tStr_shuff,Left,Center,True,,274.5,-4.200712803285408
4449,DAopto-06,merge,444.6666666666667,merge,True,Right,tStr_shuff,Left,Center,True,,279.5,-7.637302668446708
4450,DAopto-06,merge,444.6666666666667,merge,True,Right,tStr_shuff,Left,Center,True,,284.5,-4.669688272260882
4451,DAopto-06,merge,444.6666666666667,merge,True,Right,tStr_shuff,Left,Center,True,,289.5,-5.595614198186809
4452,DAopto-06,merge,444.6666666666667,merge,True,Right,tStr_shuff,Left,Center,True,,294.5,-0.10619620876882034
4453,DAopto-06,merge,513.5,merge,True,Right,tStr_shuff,Left,Center,True,,299.5,-1.9338207004062866
4454,DAopto-06,merge,513.5,merge,True,Right,tStr_shuff,Left,Center,True,,304.5,-0.40320845550832374
4455,DAopto-06,merge,513.5,merge,True,Right,tStr_shuff,Left,Center,True,,309.5,-2.648106414691995
4456,DAopto-06,merge,513.5,merge,True,Right,tStr_shuff,Left,Center,True,,314.5,-8.441757208342793
4457,DAopto-06,merge,513.5,merge,True,Right,tStr_shuff,Left,Center,True,,319.5,-3.771863609877766
4458,DAopto-06,merge,513.5,merge,True,Right,tStr_shuff,Left,Center,True,,324.5,-6.952135718721305
4459,DAopto-06,merge,513.5,merge,True,Right,tStr_shuff,Left,Center,True,,329.5,-9.12900646702062
4460,DAopto-06,merge,513.5,merge,True,Right,tStr_shuff,Left,Center,True,,334.5,3.172580834566684
4461,DAopto-06,merge,513.5,merge,True,Right,tStr_shuff,Left,Center,True,,339.5,1.6490547574691732
4462,DAopto-06,merge,513.5,merge,True,Right,tStr_shuff,Left,Center,True,,344.5,5.309769043183461
4463,DAopto-06,merge,513.5,merge,True,Right,tStr_shuff,Left,Center,True,,349.5,7.313737297151711
4464,DAopto-06,merge,513.5,merge,True,Right,tStr_shuff,Left,Center,True,,354.5,3.0081817415961574
4465,DAopto-06,merge,513.5,merge,True,Right,tStr_shuff,Left,Center,True,,359.5,-1.833088099673681
4466,DAopto-06,merge,513.5,merge,True,Right,tStr_shuff,Left,Center,True,,364.5,-1.4759452425308268
4467,DAopto-06,merge,513.5,merge,True,Right,tStr_shuff,Left,Center,True,,369.5,-1.915505682091272
4468,DAopto-06,merge,513.5,merge,True,Right,tStr_shuff,Left,Center,True,,374.5,-4.630707147292732
4469,DAopto-06,merge,513.5,merge,True,Right,tStr_shuff,Left,Center,True,,379.5,-4.995045190202205
4470,DAopto-06,merge,513.5,merge,True,Right,tStr_shuff,Left,Center,True,,384.5,-1.4759452425308233
4471,DAopto-06,merge,513.5,merge,True,Right,tStr_shuff,Left,Center,True,,389.5,3.659891143305561
4472,DAopto-06,merge,513.5,merge,True,Right,tStr_shuff,Left,Center,True,,394.5,1.931792852707268
4473,DAopto-06,merge,513.5,merge,True,Right,tStr_shuff,Left,Center,True,,399.5,3.777030947945363
4474,DAopto-06,merge,513.5,merge,True,Right,tStr_shuff,Left,Center,True,,404.5,0.3097690431834579
4475,DAopto-06,merge,513.5,merge,True,Right,tStr_shuff,Left,Center,True,,409.5,0.8935602519746659
4476,DAopto-06,merge,513.5,merge,True,Right,tStr_shuff,Left,Center,True,,414.5,-2.815230956816542
4477,DAopto-06,merge,513.5,merge,True,Right,tStr_shuff,Left,Center,True,,419.5,1.619292852707268
4478,DAopto-06,merge,513.5,merge,True,Right,tStr_shuff,Left,Center,True,,424.5,-2.5473738139594033
4479,DAopto-06,merge,513.5,merge,True,Right,tStr_shuff,Left,Center,True,,429.5,0.5478642812786987
4480,DAopto-06,merge,513.5,merge,True,Right,tStr_shuff,Left,Center,True,,434.5,0.3097690431834579
4481,DAopto-06,merge,513.5,merge,True,Right,tStr_shuff,Left,Center,True,,439.5,-3.618802385387969
4482,DAopto-06,merge,513.5,merge,True,Right,tStr_shuff,Left,Center,True,,444.5,-8.31267993640838
4483,DAopto-06,merge,513.5,merge,True,Right,tStr_shuff,Left,Center,True,,449.5,-6.8330880996736845
4784,DAopto-06,DAopto-06 Apr07 16:22,563.0,Aud_Psycho,True,Right,tStr_shuff,Left,Center,True,58.36477015048444,454.5,-29.642748646508046
4785,DAopto-06,DAopto-06 Apr07 16:22,563.0,Aud_Psycho,True,Right,tStr_shuff,Left,Center,True,58.36477015048444,459.5,-24.285605789365185
4786,DAopto-06,DAopto-06 Apr07 16:22,563.0,Aud_Psycho,True,Right,tStr_shuff,Left,Center,True,58.36477015048444,464.5,-21.904653408412806
4787,DAopto-06,DAopto-06 Apr07 16:22,563.0,Aud_Psycho,True,Right,tStr_shuff,Left,Center,True,58.36477015048444,469.5,-13.571320075079477
4788,DAopto-06,DAopto-06 Apr07 16:22,563.0,Aud_Psycho,True,Right,tStr_shuff,Left,Center,True,58.36477015048444,474.5,-3.5911613449207493
4789,DAopto-06,DAopto-06 Apr07 16:22,563.0,Aud_Psycho,True,Right,tStr_shuff,Left,Center,True,58.36477015048444,479.5,-10.833224836984236
4790,DAopto-06,DAopto-06 Apr07 16:22,563.0,Aud_Psycho,True,Right,tStr_shuff,Left,Center,True,58.36477015048444,484.5,-9.642748646508046
4791,DAopto-06,DAopto-06 Apr07 16:22,563.0,Aud_Psycho,True,Right,tStr_shuff,Left,Center,True,58.36477015048444,489.5,-6.071320075079477
4792,DAopto-06,DAopto-06 Apr07 16:22,563.0,Aud_Psycho,True,Right,tStr_shuff,Left,Center,True,58.36477015048444,494.5,9.404870401111005
4793,DAopto-06,DAopto-06 Apr07 16:22,563.0,Aud_Psycho,True,Right,tStr_shuff,Left,Center,True,58.36477015048444,499.5,-8.214177217936616
4794,DAopto-06,DAopto-06 Apr07 16:22,563.0,Aud_Psycho,True,Right,tStr_shuff,Left,Center,True,58.36477015048444,504.5,1.5477275439681435
4795,DAopto-06,DAopto-06 Apr07 16:22,563.0,Aud_Psycho,True,Right,tStr_shuff,Left,Center,True,58.36477015048444,509.5,12.976298972539574
4796,DAopto-06,DAopto-06 Apr07 16:22,563.0,Aud_Psycho,True,Right,tStr_shuff,Left,Center,True,58.36477015048444,514.5,9.404870401111005
4797,DAopto-06,DAopto-06 Apr07 16:22,563.0,Aud_Psycho,True,Right,tStr_shuff,Left,Center,True,58.36477015048444,519.5,-0.3570343607937545
4798,DAopto-06,DAopto-06 Apr07 16:22,563.0,Aud_Psycho,True,Right,tStr_shuff,Left,Center,True,58.36477015048444,524.5,17.262013258253866
4799,DAopto-06,DAopto-06 Apr07 16:22,563.0,Aud_Psycho,True,Right,tStr_shuff,Left,Center,True,58.36477015048444,529.5,13.92867992492053
4800,DAopto-06,DAopto-06 Apr07 16:22,563.0,Aud_Psycho,True,Right,tStr_shuff,Left,Center,True,58.36477015048444,534.5,4.881060877301486
4801,DAopto-06,DAopto-06 Apr07 16:22,563.0,Aud_Psycho,True,Right,tStr_shuff,Left,Center,True,58.36477015048444,539.5,11.26994976619038
4802,DAopto-06,DAopto-06 Apr07 16:22,563.0,Aud_Psycho,True,Right,tStr_shuff,Left,Center,True,58.36477015048444,544.5,-1.5475105512699443
4803,DAopto-06,DAopto-06 Apr07 16:22,563.0,Aud_Psycho,True,Right,tStr_shuff,Left,Center,True,58.36477015048444,549.5,-4.88084388460328
5271,DAopto-07,merge,505.5,merge,True,Right,tStr_shuff,Left,Center,True,,75.5,0.0
5272,DAopto-07,merge,505.5,merge,True,Right,tStr_shuff,Left,Center,True,,149.5,-6.034535768695207
5273,DAopto-07,merge,505.5,merge,True,Right,tStr_shuff,Left,Center,True,,154.5,-7.482670966830398
5274,DAopto-07,merge,505.5,merge,True,Right,tStr_shuff,Left,Center,True,,159.5,-3.0595940437534814
5275,DAopto-07,merge,505.5,merge,True,Right,tStr_shuff,Left,Center,True,,164.5,-2.6633236474830824
5276,DAopto-07,merge,505.5,merge,True,Right,tStr_shuff,Left,Center,True,,169.5,4.7617512775918485
5277,DAopto-07,merge,505.5,merge,True,Right,tStr_shuff,Left,Center,True,,174.5,6.265247781088352
5278,DAopto-07,merge,505.5,merge,True,Right,tStr_shuff,Left,Center,True,,179.5,7.336676352516918
5279,DAopto-07,merge,505.5,merge,True,Right,tStr_shuff,Left,Center,True,,184.5,4.906606422446984
5280,DAopto-07,merge,505.5,merge,True,Right,tStr_shuff,Left,Center,True,,189.5,6.418115746456316
5281,DAopto-07,merge,505.5,merge,True,Right,tStr_shuff,Left,Center,True,,194.5,8.83531660115717
5282,DAopto-07,merge,505.5,merge,True,Right,tStr_shuff,Left,Center,True,,199.5,6.842170858011425
5283,DAopto-07,merge,505.5,merge,True,Right,tStr_shuff,Left,Center,True,,204.5,6.975370991211559
5284,DAopto-07,merge,505.5,merge,True,Right,tStr_shuff,Left,Center,True,,209.5,11.844252110092675
5285,DAopto-07,merge,505.5,merge,True,Right,tStr_shuff,Left,Center,True,,214.5,8.47491311575368
5286,DAopto-07,merge,505.5,merge,True,Right,tStr_shuff,Left,Center,True,,219.5,5.023156538997103
5287,DAopto-07,merge,505.5,merge,True,Right,tStr_shuff,Left,Center,True,,224.5,5.670009685850246
5288,DAopto-07,merge,505.5,merge,True,Right,tStr_shuff,Left,Center,True,,229.5,2.753343019183582
5289,DAopto-07,merge,505.5,merge,True,Right,tStr_shuff,Left,Center,True,,234.5,-3.345141829301266
5290,DAopto-07,merge,505.5,merge,True,Right,tStr_shuff,Left,Center,True,,239.5,-1.8299903141497502
5291,DAopto-07,merge,505.5,merge,True,Right,tStr_shuff,Left,Center,True,,244.5,-3.7744347585941966
5292,DAopto-07,merge,505.5,merge,True,Right,tStr_shuff,Left,Center,True,,249.5,-5.024434758594197
5293,DAopto-07,merge,505.5,merge,True,Right,tStr_shuff,Left,Center,True,,254.5,-6.72898021313965
5294,DAopto-07,merge,505.5,merge,True,Right,tStr_shuff,Left,Center,True,,259.5,-3.1286916128510462
5295,DAopto-07,merge,505.5,merge,True,Right,tStr_shuff,Left,Center,True,,264.5,-5.932554416713845
5296,DAopto-07,merge,505.5,merge,True,Right,tStr_shuff,Left,Center,True,,269.5,-9.351635335794771
5297,DAopto-07,merge,505.5,merge,True,Right,tStr_shuff,Left,Center,True,,274.5,-9.8855458697053
5298,DAopto-07,merge,505.5,merge,True,Right,tStr_shuff,Left,Center,True,,279.5,-5.282371266530699
5299,DAopto-07,merge,505.5,merge,True,Right,tStr_shuff,Left,Center,True,,284.5,-6.293131339790776
5300,DAopto-07,merge,505.5,merge,True,Right,tStr_shuff,Left,Center,True,,289.5,2.306914447755016
5301,DAopto-07,merge,505.5,merge,True,Right,tStr_shuff,Left,Center,True,,294.5,8.586676352516916
5302,DAopto-07,merge,505.5,merge,True,Right,tStr_shuff,Left,Center,True,,299.5,11.146200162040731
5303,DAopto-07,merge,505.5,merge,True,Right,tStr_shuff,Left,Center,True,,304.5,10.151361667202234
5304,DAopto-07,merge,505.5,merge,True,Right,tStr_shuff,Left,Center,True,,309.5,6.882130897971468
5305,DAopto-07,merge,505.5,merge,True,Right,tStr_shuff,Left,Center,True,,314.5,3.682830198670761
5306,DAopto-07,merge,505.5,merge,True,Right,tStr_shuff,Left,Center,True,,319.5,3.083429599270165
5307,DAopto-07,merge,505.5,merge,True,Right,tStr_shuff,Left,Center,True,,324.5,0.7295334953740635
5308,DAopto-07,merge,505.5,merge,True,Right,tStr_shuff,Left,Center,True,,329.5,-8.205281689441122
5309,DAopto-07,merge,505.5,merge,True,Right,tStr_shuff,Left,Center,True,,334.5,-11.397089881249315
5310,DAopto-07,merge,505.5,merge,True,Right,tStr_shuff,Left,Center,True,,339.5,-15.163323647483075
5311,DAopto-07,merge,505.5,merge,True,Right,tStr_shuff,Left,Center,True,,344.5,-14.426144160303597
5312,DAopto-07,merge,505.5,merge,True,Right,tStr_shuff,Left,Center,True,,349.5,-7.475386584546012
5313,DAopto-07,merge,505.5,merge,True,Right,tStr_shuff,Left,Center,True,,354.5,-1.8804953646548022
5314,DAopto-07,merge,505.5,merge,True,Right,tStr_shuff,Left,Center,True,,359.5,2.286171302011873
5315,DAopto-07,merge,505.5,merge,True,Right,tStr_shuff,Left,Center,True,,364.5,-3.135351619511056
5316,DAopto-07,merge,505.5,merge,True,Right,tStr_shuff,Left,Center,True,,369.5,1.759753275593841
5317,DAopto-07,merge,505.5,merge,True,Right,tStr_shuff,Left,Center,True,,374.5,2.0330910489316167
5318,DAopto-07,merge,505.5,merge,True,Right,tStr_shuff,Left,Center,True,,379.5,1.503343019183582
5319,DAopto-07,merge,505.5,merge,True,Right,tStr_shuff,Left,Center,True,,384.5,3.4171236829642524
5320,DAopto-07,merge,505.5,merge,True,Right,tStr_shuff,Left,Center,True,,389.5,12.336676352516918
5321,DAopto-07,merge,505.5,merge,True,Right,tStr_shuff,Left,Center,True,,394.5,7.109403625244195
5322,DAopto-07,merge,505.5,merge,True,Right,tStr_shuff,Left,Center,True,,399.5,4.73747000331057
5323,DAopto-07,merge,505.5,merge,True,Right,tStr_shuff,Left,Center,True,,404.5,-1.3718373559967958
5324,DAopto-07,merge,505.5,merge,True,Right,tStr_shuff,Left,Center,True,,409.5,-5.635351619511052
5325,DAopto-07,merge,505.5,merge,True,Right,tStr_shuff,Left,Center,True,,414.5,-9.064838798998235
5326,DAopto-07,merge,505.5,merge,True,Right,tStr_shuff,Left,Center,True,,419.5,-7.170899405058837
5327,DAopto-07,merge,505.5,merge,True,Right,tStr_shuff,Left,Center,True,,424.5,-9.201785185944619
5328,DAopto-07,merge,505.5,merge,True,Right,tStr_shuff,Left,Center,True,,429.5,-2.2466569808164145
5329,DAopto-07,merge,505.5,merge,True,Right,tStr_shuff,Left,Center,True,,434.5,-1.2239297080891447
5330,DAopto-07,merge,505.5,merge,True,Right,tStr_shuff,Left,Center,True,,439.5,8.17000968585025
5331,DAopto-07,merge,505.5,merge,True,Right,tStr_shuff,Left,Center,True,,444.5,8.923977939818506
5332,DAopto-07,merge,505.5,merge,True,Right,tStr_shuff,Left,Center,True,,449.5,12.396200162040731
5333,DAopto-07,merge,505.5,merge,True,Right,tStr_shuff,Left,Center,True,,454.5,3.8951179109584793
5334,DAopto-07,merge,505.5,merge,True,Right,tStr_shuff,Left,Center,True,,459.5,4.439850955691522
5335,DAopto-07,merge,505.5,merge,True,Right,tStr_shuff,Left,Center,True,,464.5,1.4173873082278732
5336,DAopto-07,merge,505.5,merge,True,Right,tStr_shuff,Left,Center,True,,469.5,-0.4946589788184106
5337,DAopto-07,merge,505.5,merge,True,Right,tStr_shuff,Left,Center,True,,474.5,0.7364016272421878
5338,DAopto-07,merge,505.5,merge,True,Right,tStr_shuff,Left,Center,True,,479.5,2.8624700033105697
5339,DAopto-07,DAopto-07 Apr07 15:06,597.0,Auditory,True,Left,tStr_shuff,Right,Center,True,56.53846153846153,75.5,0.0
5340,DAopto-07,DAopto-07 Apr07 15:06,597.0,Auditory,True,Left,tStr_shuff,Right,Center,True,56.53846153846153,149.5,-8.236763236763245
5341,DAopto-07,DAopto-07 Apr07 15:06,597.0,Auditory,True,Left,tStr_shuff,Right,Center,True,56.53846153846153,154.5,0.5044955044955088
5342,DAopto-07,DAopto-07 Apr07 15:06,597.0,Auditory,True,Left,tStr_shuff,Right,Center,True,56.53846153846153,159.5,-0.6318681318681456
5343,DAopto-07,DAopto-07 Apr07 15:06,597.0,Auditory,True,Left,tStr_shuff,Right,Center,True,56.53846153846153,164.5,0.3296703296703214
5344,DAopto-07,DAopto-07 Apr07 15:06,597.0,Auditory,True,Left,tStr_shuff,Right,Center,True,56.53846153846153,169.5,8.021978021978015
5345,DAopto-07,DAopto-07 Apr07 15:06,597.0,Auditory,True,Left,tStr_shuff,Right,Center,True,56.53846153846153,174.5,5.807525807525806
5346,DAopto-07,DAopto-07 Apr07 15:06,597.0,Auditory,True,Left,tStr_shuff,Right,Center,True,56.53846153846153,179.5,2.777222777222761
5347,DAopto-07,DAopto-07 Apr07 15:06,597.0,Auditory,True,Left,tStr_shuff,Right,Center,True,56.53846153846153,184.5,1.8059718059717937
5348,DAopto-07,DAopto-07 Apr07 15:06,597.0,Auditory,True,Left,tStr_shuff,Right,Center,True,56.53846153846153,189.5,-7.677322677322685
5349,DAopto-07,DAopto-07 Apr07 15:06,597.0,Auditory,True,Left,tStr_shuff,Right,Center,True,56.53846153846153,194.5,-4.495504495504498
5350,DAopto-07,DAopto-07 Apr07 15:06,597.0,Auditory,True,Left,tStr_shuff,Right,Center,True,56.53846153846153,199.5,-6.698301698301705
5351,DAopto-07,DAopto-07 Apr07 15:06,597.0,Auditory,True,Left,tStr_shuff,Right,Center,True,56.53846153846153,204.5,-7.504162504162515
5352,DAopto-07,DAopto-07 Apr07 15:06,597.0,Auditory,True,Left,tStr_shuff,Right,Center,True,56.53846153846153,209.5,-10.544455544455545
5353,DAopto-07,DAopto-07 Apr07 15:06,597.0,Auditory,True,Left,tStr_shuff,Right,Center,True,56.53846153846153,214.5,-17.74225774225775
5354,DAopto-07,DAopto-07 Apr07 15:06,597.0,Auditory,True,Left,tStr_shuff,Right,Center,True,56.53846153846153,219.5,-25.06368631368632
5355,DAopto-07,DAopto-07 Apr07 15:06,597.0,Auditory,True,Left,tStr_shuff,Right,Center,True,56.53846153846153,224.5,-28.456543456543457
5356,DAopto-07,DAopto-07 Apr07 15:06,597.0,Auditory,True,Left,tStr_shuff,Right,Center,True,56.53846153846153,229.5,-21.31368631368632
5357,DAopto-07,DAopto-07 Apr07 15:06,597.0,Auditory,True,Left,tStr_shuff,Right,Center,True,56.53846153846153,234.5,-7.16838716838717
5358,DAopto-07,DAopto-07 Apr07 15:06,597.0,Auditory,True,Left,tStr_shuff,Right,Center,True,56.53846153846153,239.5,-0.25308025308025606
5359,DAopto-07,DAopto-07 Apr07 15:06,597.0,Auditory,True,Left,tStr_shuff,Right,Center,True,56.53846153846153,244.5,9.620379620379609
5360,DAopto-07,DAopto-07 Apr07 15:06,597.0,Auditory,True,Left,tStr_shuff,Right,Center,True,56.53846153846153,249.5,2.0196470196470173
5361,DAopto-07,DAopto-07 Apr07 15:06,597.0,Auditory,True,Left,tStr_shuff,Right,Center,True,56.53846153846153,254.5,-2.742257742257749
5362,DAopto-07,DAopto-07 Apr07 15:06,597.0,Auditory,True,Left,tStr_shuff,Right,Center,True,56.53846153846153,259.5,-1.0755910755910776
5363,DAopto-07,DAopto-07 Apr07 15:06,597.0,Auditory,True,Left,tStr_shuff,Right,Center,True,56.53846153846153,264.5,0.6093906093906156
5364,DAopto-07,DAopto-07 Apr07 15:06,597.0,Auditory,True,Left,tStr_shuff,Right,Center,True,56.53846153846153,269.5,-1.7303529803529898
5365,DAopto-07,DAopto-07 Apr07 15:06,597.0,Auditory,True,Left,tStr_shuff,Right,Center,True,56.53846153846153,274.5,-1.7303529803529898
5366,DAopto-07,DAopto-07 Apr07 15:06,597.0,Auditory,True,Left,tStr_shuff,Right,Center,True,56.53846153846153,279.5,7.575202575202567
5367,DAopto-07,DAopto-07 Apr07 15:06,597.0,Auditory,True,Left,tStr_shuff,Right,Center,True,56.53846153846153,284.5,-2.082917082917092
5368,DAopto-07,DAopto-07 Apr07 15:06,597.0,Auditory,True,Left,tStr_shuff,Right,Center,True,56.53846153846153,289.5,4.263236763236755
5369,DAopto-07,DAopto-07 Apr07 15:06,597.0,Auditory,True,Left,tStr_shuff,Right,Center,True,56.53846153846153,294.5,0.2339327339327255
5370,DAopto-07,DAopto-07 Apr07 15:06,597.0,Auditory,True,Left,tStr_shuff,Right,Center,True,56.53846153846153,299.5,4.40059940059939
5371,DAopto-07,DAopto-07 Apr07 15:06,597.0,Auditory,True,Left,tStr_shuff,Right,Center,True,56.53846153846153,304.5,-2.0279720279720266
5372,DAopto-07,DAopto-07 Apr07 15:06,597.0,Auditory,True,Left,tStr_shuff,Right,Center,True,56.53846153846153,309.5,-7.222777222777225
5373,DAopto-07,DAopto-07 Apr07 15:06,597.0,Auditory,True,Left,tStr_shuff,Right,Center,True,56.53846153846153,314.5,-3.932733932733946
5374,DAopto-07,DAopto-07 Apr07 15:06,597.0,Auditory,True,Left,tStr_shuff,Right,Center,True,56.53846153846153,319.5,-13.525224775224778
5375,DAopto-07,DAopto-07 Apr07 15:06,597.0,Auditory,True,Left,tStr_shuff,Right,Center,True,56.53846153846153,324.5,-16.31368631368632
5376,DAopto-07,DAopto-07 Apr07 15:06,597.0,Auditory,True,Left,tStr_shuff,Right,Center,True,56.53846153846153,329.5,-15.341464091464097
5377,DAopto-07,DAopto-07 Apr07 15:06,597.0,Auditory,True,Left,tStr_shuff,Right,Center,True,56.53846153846153,334.5,-11.313686313686318
5378,DAopto-07,DAopto-07 Apr07 15:06,597.0,Auditory,True,Left,tStr_shuff,Right,Center,True,56.53846153846153,339.5,-22.980352980352983
5379,DAopto-07,DAopto-07 Apr07 15:06,597.0,Auditory,True,Left,tStr_shuff,Right,Center,True,56.53846153846153,344.5,-12.742257742257749
5380,DAopto-07,DAopto-07 Apr07 15:06,597.0,Auditory,True,Left,tStr_shuff,Right,Center,True,56.53846153846153,349.5,-10.929070929070932
5381,DAopto-07,DAopto-07 Apr07 15:06,597.0,Auditory,True,Left,tStr_shuff,Right,Center,True,56.53846153846153,354.5,-1.918081918081917
5382,DAopto-07,DAopto-07 Apr07 15:06,597.0,Auditory,True,Left,tStr_shuff,Right,Center,True,56.53846153846153,359.5,-3.7884337884337995
5383,DAopto-07,DAopto-07 Apr07 15:06,597.0,Auditory,True,Left,tStr_shuff,Right,Center,True,56.53846153846153,364.5,0.049950049950041375
5384,DAopto-07,DAopto-07 Apr07 15:06,597.0,Auditory,True,Left,tStr_shuff,Right,Center,True,56.53846153846153,369.5,-7.980352980352983
5385,DAopto-07,DAopto-07 Apr07 15:06,597.0,Auditory,True,Left,tStr_shuff,Right,Center,True,56.53846153846153,374.5,-13.059718059718065
5386,DAopto-07,DAopto-07 Apr07 15:06,597.0,Auditory,True,Left,tStr_shuff,Right,Center,True,56.53846153846153,379.5,-3.3222333222333305
5387,DAopto-07,DAopto-07 Apr07 15:06,597.0,Auditory,True,Left,tStr_shuff,Right,Center,True,56.53846153846153,384.5,-4.9500499500499515
5388,DAopto-07,DAopto-07 Apr07 15:06,597.0,Auditory,True,Left,tStr_shuff,Right,Center,True,56.53846153846153,389.5,-7.828837828837834
5389,DAopto-07,DAopto-07 Apr07 15:06,597.0,Auditory,True,Left,tStr_shuff,Right,Center,True,56.53846153846153,394.5,-4.230352980352983
5390,DAopto-07,DAopto-07 Apr07 15:06,597.0,Auditory,True,Left,tStr_shuff,Right,Center,True,56.53846153846153,399.5,-3.283383283383287
5391,DAopto-07,DAopto-07 Apr07 15:06,597.0,Auditory,True,Left,tStr_shuff,Right,Center,True,56.53846153846153,404.5,-20.59940059940061
5392,DAopto-07,DAopto-07 Apr07 15:06,597.0,Auditory,True,Left,tStr_shuff,Right,Center,True,56.53846153846153,409.5,-16.90192160780397
5393,DAopto-07,DAopto-07 Apr07 15:06,597.0,Auditory,True,Left,tStr_shuff,Right,Center,True,56.53846153846153,414.5,-15.202575202575197
5394,DAopto-07,DAopto-07 Apr07 15:06,597.0,Auditory,True,Left,tStr_shuff,Right,Center,True,56.53846153846153,419.5,-17.74225774225775
5395,DAopto-07,DAopto-07 Apr07 15:06,597.0,Auditory,True,Left,tStr_shuff,Right,Center,True,56.53846153846153,424.5,-10.480352980352983
5396,DAopto-07,DAopto-07 Apr07 15:06,597.0,Auditory,True,Left,tStr_shuff,Right,Center,True,56.53846153846153,429.5,-14.775224775224771
5397,DAopto-07,DAopto-07 Apr07 15:06,597.0,Auditory,True,Left,tStr_shuff,Right,Center,True,56.53846153846153,434.5,-10.929070929070932
5398,DAopto-07,DAopto-07 Apr07 15:06,597.0,Auditory,True,Left,tStr_shuff,Right,Center,True,56.53846153846153,439.5,-9.495504495504491
5399,DAopto-07,DAopto-07 Apr07 15:06,597.0,Auditory,True,Left,tStr_shuff,Right,Center,True,56.53846153846153,444.5,-9.679070929070932
5400,DAopto-07,DAopto-07 Apr07 15:06,597.0,Auditory,True,Left,tStr_shuff,Right,Center,True,56.53846153846153,449.5,-13.151293151293153
5401,DAopto-07,DAopto-07 Apr07 15:06,597.0,Auditory,True,Left,tStr_shuff,Right,Center,True,56.53846153846153,454.5,-16.03590853590854
5402,DAopto-07,DAopto-07 Apr07 15:06,597.0,Auditory,True,Left,tStr_shuff,Right,Center,True,56.53846153846153,459.5,-10.480352980352983
5403,DAopto-07,DAopto-07 Apr07 15:06,597.0,Auditory,True,Left,tStr_shuff,Right,Center,True,56.53846153846153,464.5,-18.621378621378625
5404,DAopto-07,DAopto-07 Apr07 15:06,597.0,Auditory,True,Left,tStr_shuff,Right,Center,True,56.53846153846153,469.5,-24.874292374292388
5405,DAopto-07,DAopto-07 Apr07 15:06,597.0,Auditory,True,Left,tStr_shuff,Right,Center,True,56.53846153846153,474.5,-18.434898434898443
5406,DAopto-07,DAopto-07 Apr07 15:06,597.0,Auditory,True,Left,tStr_shuff,Right,Center,True,56.53846153846153,479.5,-10.59940059940061
5407,DAopto-07,DAopto-07 Apr07 15:06,597.0,Auditory,True,Left,tStr_shuff,Right,Center,True,56.53846153846153,484.5,-10.480352980352983
5408,DAopto-07,DAopto-07 Apr07 15:06,597.0,Auditory,True,Left,tStr_shuff,Right,Center,True,56.53846153846153,489.5,-1.6983016983017052
5409,DAopto-07,DAopto-07 Apr07 15:06,597.0,Auditory,True,Left,tStr_shuff,Right,Center,True,56.53846153846153,494.5,8.459040959040948
5410,DAopto-07,DAopto-07 Apr07 15:06,597.0,Auditory,True,Left,tStr_shuff,Right,Center,True,56.53846153846153,499.5,0.12570762570761929
5411,DAopto-07,DAopto-07 Apr07 15:06,597.0,Auditory,True,Left,tStr_shuff,Right,Center,True,56.53846153846153,504.5,2.777222777222775
5412,DAopto-07,DAopto-07 Apr07 15:06,597.0,Auditory,True,Left,tStr_shuff,Right,Center,True,56.53846153846153,509.5,3.507742257742251
5413,DAopto-07,DAopto-07 Apr07 15:06,597.0,Auditory,True,Left,tStr_shuff,Right,Center,True,56.53846153846153,514.5,-2.742257742257749
5414,DAopto-07,DAopto-07 Apr07 15:06,597.0,Auditory,True,Left,tStr_shuff,Right,Center,True,56.53846153846153,519.5,-7.147019647019661
5415,DAopto-07,DAopto-07 Apr07 15:06,597.0,Auditory,True,Left,tStr_shuff,Right,Center,True,56.53846153846153,524.5,-4.798534798534803
5416,DAopto-07,DAopto-07 Apr07 15:06,597.0,Auditory,True,Left,tStr_shuff,Right,Center,True,56.53846153846153,529.5,-4.798534798534803
5417,DAopto-07,DAopto-07 Apr07 15:06,597.0,Auditory,True,Left,tStr_shuff,Right,Center,True,56.53846153846153,534.5,0.7375957375957327
5418,DAopto-07,DAopto-07 Apr07 15:06,597.0,Auditory,True,Left,tStr_shuff,Right,Center,True,56.53846153846153,539.5,-4.775224775224778
5419,DAopto-07,DAopto-07 Apr07 15:06,597.0,Auditory,True,Left,tStr_shuff,Right,Center,True,56.53846153846153,544.5,-12.266067266067274
5420,DAopto-07,DAopto-07 Apr07 15:06,597.0,Auditory,True,Left,tStr_shuff,Right,Center,True,56.53846153846153,549.5,-24.369241869241876
5421,DAopto-07,DAopto-07 Apr07 15:06,597.0,Auditory,True,Left,tStr_shuff,Right,Center,True,56.53846153846153,554.5,-31.31368631368632
5422,DAopto-07,DAopto-07 Apr07 15:06,597.0,Auditory,True,Left,tStr_shuff,Right,Center,True,56.53846153846153,559.5,-27.980352980352983
5423,DAopto-07,DAopto-07 Apr07 15:06,597.0,Auditory,True,Left,tStr_shuff,Right,Center,True,56.53846153846153,564.5,-26.01065601065602
5424,DAopto-07,DAopto-07 Apr07 15:06,597.0,Auditory,True,Left,tStr_shuff,Right,Center,True,56.53846153846153,569.5,-25.631868131868142
5425,DAopto-07,DAopto-07 Apr07 15:06,597.0,Auditory,True,Left,tStr_shuff,Right,Center,True,56.53846153846153,574.5,-21.84398934398935
5426,DAopto-07,DAopto-07 Apr07 15:06,597.0,Auditory,True,Left,tStr_shuff,Right,Center,True,56.53846153846153,579.5,-20.299700299700298
5427,DAopto-07,DAopto-07 Apr07 15:06,597.0,Auditory,True,Left,tStr_shuff,Right,Center,True,56.53846153846153,584.5,-19.39060939060939
5570,DAopto-07,DAopto-07 Apr11 16:32,515.0,Auditory,True,Right,tStr_shuff,Left,Center,True,47.49180011576307,484.5,0.6729264475743264
5571,DAopto-07,DAopto-07 Apr11 16:32,515.0,Auditory,True,Right,tStr_shuff,Left,Center,True,47.49180011576307,489.5,5.6729264475743335
5572,DAopto-07,DAopto-07 Apr11 16:32,515.0,Auditory,True,Right,tStr_shuff,Left,Center,True,47.49180011576307,494.5,10.434831209479093
5573,DAopto-07,DAopto-07 Apr11 16:32,515.0,Auditory,True,Right,tStr_shuff,Left,Center,True,47.49180011576307,499.5,5.6729264475743335
5965,DAopto-08,merge,478.5,merge,True,Left,tStr_shuff,Right,Center,True,,75.5,0.0
5966,DAopto-08,merge,478.5,merge,True,Left,tStr_shuff,Right,Center,True,,149.5,-2.814043343801245
5967,DAopto-08,merge,478.5,merge,True,Left,tStr_shuff,Right,Center,True,,154.5,-2.8820705546855976
5968,DAopto-08,merge,478.5,merge,True,Left,tStr_shuff,Right,Center,True,,159.5,-9.378669194141384
5969,DAopto-08,merge,478.5,merge,True,Left,tStr_shuff,Right,Center,True,,164.5,3.019289989532087
5970,DAopto-08,merge,478.5,merge,True,Left,tStr_shuff,Right,Center,True,,169.5,6.619063232162475
5971,DAopto-08,merge,478.5,merge,True,Left,tStr_shuff,Right,Center,True,,174.5,4.892872755971997
5972,DAopto-08,merge,478.5,merge,True,Left,tStr_shuff,Right,Center,True,,179.5,4.833348946448194
5973,DAopto-08,merge,478.5,merge,True,Left,tStr_shuff,Right,Center,True,,184.5,6.5226913500763
5974,DAopto-08,merge,478.5,merge,True,Left,tStr_shuff,Right,Center,True,,189.5,5.1111267242259615
5975,DAopto-08,merge,478.5,merge,True,Left,tStr_shuff,Right,Center,True,,194.5,8.291398833069508
5976,DAopto-08,merge,478.5,merge,True,Left,tStr_shuff,Right,Center,True,,199.5,-8.354009330195804
5977,DAopto-08,merge,478.5,merge,True,Left,tStr_shuff,Right,Center,True,,204.5,-1.776628377814852
5978,DAopto-08,merge,478.5,merge,True,Left,tStr_shuff,Right,Center,True,,209.5,-1.2579208948216554
5979,DAopto-08,merge,478.5,merge,True,Left,tStr_shuff,Right,Center,True,,214.5,-2.4909140921005637
5980,DAopto-08,merge,478.5,merge,True,Left,tStr_shuff,Right,Center,True,,219.5,-0.7222066091073707
5981,DAopto-08,merge,478.5,merge,True,Left,tStr_shuff,Right,Center,True,,224.5,7.293666406765645
5982,DAopto-08,merge,478.5,merge,True,Left,tStr_shuff,Right,Center,True,,229.5,-0.007920894821655367
5983,DAopto-08,merge,478.5,merge,True,Left,tStr_shuff,Right,Center,True,,234.5,-2.5419345002638316
5984,DAopto-08,merge,478.5,merge,True,Left,tStr_shuff,Right,Center,True,,239.5,-5.8412542281549875
5985,DAopto-08,merge,478.5,merge,True,Left,tStr_shuff,Right,Center,True,,244.5,-7.05157168847245
5986,DAopto-08,merge,478.5,merge,True,Left,tStr_shuff,Right,Center,True,,249.5,-9.293635180535944
5987,DAopto-08,merge,478.5,merge,True,Left,tStr_shuff,Right,Center,True,,254.5,-0.36506375196450946
5988,DAopto-08,merge,478.5,merge,True,Left,tStr_shuff,Right,Center,True,,259.5,4.39684100994025
5989,DAopto-08,merge,478.5,merge,True,Left,tStr_shuff,Right,Center,True,,264.5,6.182555295654534
5990,DAopto-08,merge,478.5,merge,True,Left,tStr_shuff,Right,Center,True,,269.5,7.253983867083111
5991,DAopto-08,merge,478.5,merge,True,Left,tStr_shuff,Right,Center,True,,274.5,13.781761644860886
5992,DAopto-08,merge,478.5,merge,True,Left,tStr_shuff,Right,Center,True,,279.5,15.111126724225961
5993,DAopto-08,merge,478.5,merge,True,Left,tStr_shuff,Right,Center,True,,284.5,6.1825552956545415
5994,DAopto-08,merge,478.5,merge,True,Left,tStr_shuff,Right,Center,True,,289.5,7.492079105178348
5995,DAopto-08,merge,478.5,merge,True,Left,tStr_shuff,Right,Center,True,,294.5,5.5873172004164395
5996,DAopto-08,merge,478.5,merge,True,Left,tStr_shuff,Right,Center,True,,299.5,-0.365063751964513
5997,DAopto-08,merge,478.5,merge,True,Left,tStr_shuff,Right,Center,True,,304.5,1.7777933908926329
5998,DAopto-08,merge,478.5,merge,True,Left,tStr_shuff,Right,Center,True,,309.5,5.70636481946406
5999,DAopto-08,merge,478.5,merge,True,Left,tStr_shuff,Right,Center,True,,314.5,-1.1983970852978487
6000,DAopto-08,merge,478.5,merge,True,Left,tStr_shuff,Right,Center,True,,319.5,6.420650533749772
6001,DAopto-08,merge,478.5,merge,True,Left,tStr_shuff,Right,Center,True,,324.5,0.11112672422596503
6002,DAopto-08,merge,478.5,merge,True,Left,tStr_shuff,Right,Center,True,,329.5,-4.888873275774035
6003,DAopto-08,DAopto-08 Apr07 15:08,444.0,Aud_Psycho,True,Right,tStr_shuff,Left,Center,True,60.07624172710803,75.5,-0.0
6004,DAopto-08,DAopto-08 Apr07 15:08,444.0,Aud_Psycho,True,Right,tStr_shuff,Left,Center,True,60.07624172710803,149.5,-4.130979622970479
6005,DAopto-08,DAopto-08 Apr07 15:08,444.0,Aud_Psycho,True,Right,tStr_shuff,Left,Center,True,60.07624172710803,154.5,0.6309251389342876
6006,DAopto-08,DAopto-08 Apr07 15:08,444.0,Aud_Psycho,True,Right,tStr_shuff,Left,Center,True,60.07624172710803,159.5,7.297591805600959
6007,DAopto-08,DAopto-08 Apr07 15:08,444.0,Aud_Psycho,True,Right,tStr_shuff,Left,Center,True,60.07624172710803,164.5,-5.797646289637136
6008,DAopto-08,DAopto-08 Apr07 15:08,444.0,Aud_Psycho,True,Right,tStr_shuff,Left,Center,True,60.07624172710803,169.5,-5.797646289637136
6009,DAopto-08,DAopto-08 Apr07 15:08,444.0,Aud_Psycho,True,Right,tStr_shuff,Left,Center,True,60.07624172710803,174.5,-11.273836765827618
6010,DAopto-08,DAopto-08 Apr07 15:08,444.0,Aud_Psycho,True,Right,tStr_shuff,Left,Center,True,60.07624172710803,179.5,3.352013574308444
6011,DAopto-08,DAopto-08 Apr07 15:08,444.0,Aud_Psycho,True,Right,tStr_shuff,Left,Center,True,60.07624172710803,184.5,-1.750027242018092
6012,DAopto-08,DAopto-08 Apr07 15:08,444.0,Aud_Psycho,True,Right,tStr_shuff,Left,Center,True,60.07624172710803,189.5,15.392829900839054
6013,DAopto-08,DAopto-08 Apr07 15:08,444.0,Aud_Psycho,True,Right,tStr_shuff,Left,Center,True,60.07624172710803,194.5,7.773782281791441
6014,DAopto-08,DAopto-08 Apr07 15:08,444.0,Aud_Psycho,True,Right,tStr_shuff,Left,Center,True,60.07624172710803,199.5,7.773782281791441
6015,DAopto-08,DAopto-08 Apr07 15:08,444.0,Aud_Psycho,True,Right,tStr_shuff,Left,Center,True,60.07624172710803,204.5,-5.321455813446654
6016,DAopto-08,DAopto-08 Apr07 15:08,444.0,Aud_Psycho,True,Right,tStr_shuff,Left,Center,True,60.07624172710803,209.5,7.297591805600945
6017,DAopto-08,DAopto-08 Apr07 15:08,444.0,Aud_Psycho,True,Right,tStr_shuff,Left,Center,True,60.07624172710803,214.5,-0.5595510515419022
6018,DAopto-08,DAopto-08 Apr07 15:08,444.0,Aud_Psycho,True,Right,tStr_shuff,Left,Center,True,60.07624172710803,219.5,1.8214013294104774
6019,DAopto-08,DAopto-08 Apr07 15:08,444.0,Aud_Psycho,True,Right,tStr_shuff,Left,Center,True,60.07624172710803,224.5,3.011877519886667
6020,DAopto-08,DAopto-08 Apr07 15:08,444.0,Aud_Psycho,True,Right,tStr_shuff,Left,Center,True,60.07624172710803,229.5,1.1071156151247692
6021,DAopto-08,DAopto-08 Apr07 15:08,444.0,Aud_Psycho,True,Right,tStr_shuff,Left,Center,True,60.07624172710803,234.5,4.202353710362864
6022,DAopto-08,DAopto-08 Apr07 15:08,444.0,Aud_Psycho,True,Right,tStr_shuff,Left,Center,True,60.07624172710803,239.5,9.440448948458098
6023,DAopto-08,DAopto-08 Apr07 15:08,444.0,Aud_Psycho,True,Right,tStr_shuff,Left,Center,True,60.07624172710803,244.5,-7.345265337256187
6024,DAopto-08,DAopto-08 Apr07 15:08,444.0,Aud_Psycho,True,Right,tStr_shuff,Left,Center,True,60.07624172710803,249.5,-10.678598670589516
6025,DAopto-08,DAopto-08 Apr07 15:08,444.0,Aud_Psycho,True,Right,tStr_shuff,Left,Center,True,60.07624172710803,254.5,-4.130979622970479
6026,DAopto-08,DAopto-08 Apr07 15:08,444.0,Aud_Psycho,True,Right,tStr_shuff,Left,Center,True,60.07624172710803,259.5,-10.253428602562316
6027,DAopto-08,DAopto-08 Apr07 15:08,444.0,Aud_Psycho,True,Right,tStr_shuff,Left,Center,True,60.07624172710803,264.5,-9.062952412086126
6028,DAopto-08,DAopto-08 Apr07 15:08,444.0,Aud_Psycho,True,Right,tStr_shuff,Left,Center,True,60.07624172710803,269.5,-0.3214558134466685
6029,DAopto-08,DAopto-08 Apr07 15:08,444.0,Aud_Psycho,True,Right,tStr_shuff,Left,Center,True,60.07624172710803,274.5,5.392829900839054
6030,DAopto-08,DAopto-08 Apr07 15:08,444.0,Aud_Psycho,True,Right,tStr_shuff,Left,Center,True,60.07624172710803,279.5,14.916639424648572
6031,DAopto-08,DAopto-08 Apr07 15:08,444.0,Aud_Psycho,True,Right,tStr_shuff,Left,Center,True,60.07624172710803,284.5,13.964258472267616
6032,DAopto-08,DAopto-08 Apr07 15:08,444.0,Aud_Psycho,True,Right,tStr_shuff,Left,Center,True,60.07624172710803,289.5,24.202353710362857
6033,DAopto-08,DAopto-08 Apr07 15:08,444.0,Aud_Psycho,True,Right,tStr_shuff,Left,Center,True,60.07624172710803,294.5,13.488067996077142
6034,DAopto-08,DAopto-08 Apr07 15:08,444.0,Aud_Psycho,True,Right,tStr_shuff,Left,Center,True,60.07624172710803,299.5,-3.7341542261450797
6035,DAopto-08,DAopto-08 Apr07 15:08,444.0,Aud_Psycho,True,Right,tStr_shuff,Left,Center,True,60.07624172710803,304.5,-1.353201845192693
6036,DAopto-08,DAopto-08 Apr07 15:08,444.0,Aud_Psycho,True,Right,tStr_shuff,Left,Center,True,60.07624172710803,309.5,-10.797646289637136
6037,DAopto-08,DAopto-08 Apr07 15:08,444.0,Aud_Psycho,True,Right,tStr_shuff,Left,Center,True,60.07624172710803,314.5,-15.083360575351414
6038,DAopto-08,DAopto-08 Apr07 15:08,444.0,Aud_Psycho,True,Right,tStr_shuff,Left,Center,True,60.07624172710803,319.5,0.1547346627438131
6039,DAopto-08,DAopto-08 Apr07 15:08,444.0,Aud_Psycho,True,Right,tStr_shuff,Left,Center,True,60.07624172710803,324.5,0.1547346627438131
6040,DAopto-08,DAopto-08 Apr07 15:08,444.0,Aud_Psycho,True,Right,tStr_shuff,Left,Center,True,60.07624172710803,329.5,-0.5595510515419022
6041,DAopto-08,DAopto-08 Apr07 15:08,444.0,Aud_Psycho,True,Right,tStr_shuff,Left,Center,True,60.07624172710803,334.5,-0.797646289637143
6042,DAopto-08,DAopto-08 Apr07 15:08,444.0,Aud_Psycho,True,Right,tStr_shuff,Left,Center,True,60.07624172710803,339.5,1.5833060913152437
6043,DAopto-08,DAopto-08 Apr07 15:08,444.0,Aud_Psycho,True,Right,tStr_shuff,Left,Center,True,60.07624172710803,344.5,-4.3690748610657195
6044,DAopto-08,DAopto-08 Apr07 15:08,444.0,Aud_Psycho,True,Right,tStr_shuff,Left,Center,True,60.07624172710803,349.5,-9.845265337256187
6045,DAopto-08,DAopto-08 Apr07 15:08,444.0,Aud_Psycho,True,Right,tStr_shuff,Left,Center,True,60.07624172710803,354.5,-10.678598670589516
6046,DAopto-08,DAopto-08 Apr07 15:08,444.0,Aud_Psycho,True,Right,tStr_shuff,Left,Center,True,60.07624172710803,359.5,-13.456376448367301
6047,DAopto-08,DAopto-08 Apr07 15:08,444.0,Aud_Psycho,True,Right,tStr_shuff,Left,Center,True,60.07624172710803,364.5,1.8214013294104845
6048,DAopto-08,DAopto-08 Apr07 15:08,444.0,Aud_Psycho,True,Right,tStr_shuff,Left,Center,True,60.07624172710803,369.5,7.773782281791426
6049,DAopto-08,DAopto-08 Apr07 15:08,444.0,Aud_Psycho,True,Right,tStr_shuff,Left,Center,True,60.07624172710803,374.5,4.202353710362857
6050,DAopto-08,DAopto-08 Apr07 15:08,444.0,Aud_Psycho,True,Right,tStr_shuff,Left,Center,True,60.07624172710803,379.5,2.059496567505718
6051,DAopto-08,DAopto-08 Apr07 15:08,444.0,Aud_Psycho,True,Right,tStr_shuff,Left,Center,True,60.07624172710803,384.5,-4.130979622970479
6052,DAopto-08,DAopto-08 Apr07 15:08,444.0,Aud_Psycho,True,Right,tStr_shuff,Left,Center,True,60.07624172710803,389.5,-3.11057145970517
6053,DAopto-08,DAopto-08 Apr07 15:08,444.0,Aud_Psycho,True,Right,tStr_shuff,Left,Center,True,60.07624172710803,394.5,14.321401329410484
6054,DAopto-08,DAopto-08 Apr07 15:08,444.0,Aud_Psycho,True,Right,tStr_shuff,Left,Center,True,60.07624172710803,399.5,12.501673438254016
6055,DAopto-08,DAopto-08 Apr07 15:08,444.0,Aud_Psycho,True,Right,tStr_shuff,Left,Center,True,60.07624172710803,404.5,-6.7103447023355685
6056,DAopto-08,DAopto-08 Apr07 15:08,444.0,Aud_Psycho,True,Right,tStr_shuff,Left,Center,True,60.07624172710803,409.5,7.059496567505718
6057,DAopto-08,DAopto-08 Apr07 15:08,444.0,Aud_Psycho,True,Right,tStr_shuff,Left,Center,True,60.07624172710803,414.5,-4.845265337256187
6058,DAopto-08,DAopto-08 Apr07 15:08,444.0,Aud_Psycho,True,Right,tStr_shuff,Left,Center,True,60.07624172710803,419.5,-16.511932003922844
6059,DAopto-08,DAopto-08 Apr07 15:08,444.0,Aud_Psycho,True,Right,tStr_shuff,Left,Center,True,60.07624172710803,424.5,-27.940503432494275
6060,DAopto-08,DAopto-08 Apr07 15:08,444.0,Aud_Psycho,True,Right,tStr_shuff,Left,Center,True,60.07624172710803,429.5,-21.273836765827618
6099,DAopto-08,DAopto-08 Apr08 15:33,613.0,Aud_Psycho,True,Left,tStr_shuff,Right,Center,True,55.15288943860372,334.5,5.33263810574735
6100,DAopto-08,DAopto-08 Apr08 15:33,613.0,Aud_Psycho,True,Left,tStr_shuff,Right,Center,True,55.15288943860372,339.5,10.253273026382267
6101,DAopto-08,DAopto-08 Apr08 15:33,613.0,Aud_Psycho,True,Left,tStr_shuff,Right,Center,True,55.15288943860372,344.5,3.904066677175919
6102,DAopto-08,DAopto-08 Apr08 15:33,613.0,Aud_Psycho,True,Left,tStr_shuff,Right,Center,True,55.15288943860372,349.5,10.876855792822191
6103,DAopto-08,DAopto-08 Apr08 15:33,613.0,Aud_Psycho,True,Left,tStr_shuff,Right,Center,True,55.15288943860372,354.5,14.856447629556875
6104,DAopto-08,DAopto-08 Apr08 15:33,613.0,Aud_Psycho,True,Left,tStr_shuff,Right,Center,True,55.15288943860372,359.5,14.618352391461634
6105,DAopto-08,DAopto-08 Apr08 15:33,613.0,Aud_Psycho,True,Left,tStr_shuff,Right,Center,True,55.15288943860372,364.5,16.523114296223532
6106,DAopto-08,DAopto-08 Apr08 15:33,613.0,Aud_Psycho,True,Left,tStr_shuff,Right,Center,True,55.15288943860372,369.5,23.6659714390807
6107,DAopto-08,DAopto-08 Apr08 15:33,613.0,Aud_Psycho,True,Left,tStr_shuff,Right,Center,True,55.15288943860372,374.5,21.761209534318787
6108,DAopto-08,DAopto-08 Apr08 15:33,613.0,Aud_Psycho,True,Left,tStr_shuff,Right,Center,True,55.15288943860372,379.5,11.285019058128306
6109,DAopto-08,DAopto-08 Apr08 15:33,613.0,Aud_Psycho,True,Left,tStr_shuff,Right,Center,True,55.15288943860372,384.5,16.285019058128306
6110,DAopto-08,DAopto-08 Apr08 15:33,613.0,Aud_Psycho,True,Left,tStr_shuff,Right,Center,True,55.15288943860372,389.5,12.475495248604496
6111,DAopto-08,DAopto-08 Apr08 15:33,613.0,Aud_Psycho,True,Left,tStr_shuff,Right,Center,True,55.15288943860372,394.5,-3.1707632547968743
6112,DAopto-08,DAopto-08 Apr08 15:33,613.0,Aud_Psycho,True,Left,tStr_shuff,Right,Center,True,55.15288943860372,399.5,0.5707333438425906
6113,DAopto-08,DAopto-08 Apr08 15:33,613.0,Aud_Psycho,True,Left,tStr_shuff,Right,Center,True,55.15288943860372,404.5,13.155767357448035
6114,DAopto-08,DAopto-08 Apr08 15:33,613.0,Aud_Psycho,True,Left,tStr_shuff,Right,Center,True,55.15288943860372,409.5,21.761209534318773
6115,DAopto-08,DAopto-08 Apr08 15:33,613.0,Aud_Psycho,True,Left,tStr_shuff,Right,Center,True,55.15288943860372,414.5,16.046923820033065
6116,DAopto-08,DAopto-08 Apr08 15:33,613.0,Aud_Psycho,True,Left,tStr_shuff,Right,Center,True,55.15288943860372,419.5,15.808828581937824
6117,DAopto-08,DAopto-08 Apr08 15:33,613.0,Aud_Psycho,True,Left,tStr_shuff,Right,Center,True,55.15288943860372,424.5,12.237400010509255
6118,DAopto-08,DAopto-08 Apr08 15:33,613.0,Aud_Psycho,True,Left,tStr_shuff,Right,Center,True,55.15288943860372,429.5,7.4754952486044814
6119,DAopto-08,DAopto-08 Apr08 15:33,613.0,Aud_Psycho,True,Left,tStr_shuff,Right,Center,True,55.15288943860372,434.5,-1.0959333228240808
6120,DAopto-08,DAopto-08 Apr08 15:33,613.0,Aud_Psycho,True,Left,tStr_shuff,Right,Center,True,55.15288943860372,439.5,-5.3816476085383655
6121,DAopto-08,DAopto-08 Apr08 15:33,613.0,Aud_Psycho,True,Left,tStr_shuff,Right,Center,True,55.15288943860372,444.5,-4.191171418062176
6122,DAopto-08,DAopto-08 Apr08 15:33,613.0,Aud_Psycho,True,Left,tStr_shuff,Right,Center,True,55.15288943860372,449.5,2.7135904866997294
6123,DAopto-08,DAopto-08 Apr08 15:33,613.0,Aud_Psycho,True,Left,tStr_shuff,Right,Center,True,55.15288943860372,454.5,7.158034931144172
6124,DAopto-08,DAopto-08 Apr08 15:33,613.0,Aud_Psycho,True,Left,tStr_shuff,Right,Center,True,55.15288943860372,459.5,20.769146042255294
6125,DAopto-08,DAopto-08 Apr08 15:33,613.0,Aud_Psycho,True,Left,tStr_shuff,Right,Center,True,55.15288943860372,464.5,27.237400010509255
6126,DAopto-08,DAopto-08 Apr08 15:33,613.0,Aud_Psycho,True,Left,tStr_shuff,Right,Center,True,55.15288943860372,469.5,18.427876200985445
6127,DAopto-08,DAopto-08 Apr08 15:33,613.0,Aud_Psycho,True,Left,tStr_shuff,Right,Center,True,55.15288943860372,474.5,14.618352391461634
6128,DAopto-08,DAopto-08 Apr08 15:33,613.0,Aud_Psycho,True,Left,tStr_shuff,Right,Center,True,55.15288943860372,479.5,5.332638105747343
6129,DAopto-08,DAopto-08 Apr08 15:33,613.0,Aud_Psycho,True,Left,tStr_shuff,Right,Center,True,55.15288943860372,484.5,7.951685724794963
6130,DAopto-08,DAopto-08 Apr08 15:33,613.0,Aud_Psycho,True,Left,tStr_shuff,Right,Center,True,55.15288943860372,489.5,3.904066677175919
6131,DAopto-08,DAopto-08 Apr08 15:33,613.0,Aud_Psycho,True,Left,tStr_shuff,Right,Center,True,55.15288943860372,494.5,3.904066677175919
6132,DAopto-08,DAopto-08 Apr08 15:33,613.0,Aud_Psycho,True,Left,tStr_shuff,Right,Center,True,55.15288943860372,499.5,6.999304772414007
6133,DAopto-08,DAopto-08 Apr08 15:33,613.0,Aud_Psycho,True,Left,tStr_shuff,Right,Center,True,55.15288943860372,504.5,8.665971439080685
6134,DAopto-08,DAopto-08 Apr08 15:33,613.0,Aud_Psycho,True,Left,tStr_shuff,Right,Center,True,55.15288943860372,509.5,8.665971439080685
6135,DAopto-08,DAopto-08 Apr08 15:33,613.0,Aud_Psycho,True,Left,tStr_shuff,Right,Center,True,55.15288943860372,514.5,16.046923820033065
6136,DAopto-08,DAopto-08 Apr08 15:33,613.0,Aud_Psycho,True,Left,tStr_shuff,Right,Center,True,55.15288943860372,519.5,11.999304772414014
6137,DAopto-08,DAopto-08 Apr08 15:33,613.0,Aud_Psycho,True,Left,tStr_shuff,Right,Center,True,55.15288943860372,524.5,15.332638105747343
6138,DAopto-08,DAopto-08 Apr08 15:33,613.0,Aud_Psycho,True,Left,tStr_shuff,Right,Center,True,55.15288943860372,529.5,14.856447629556861
6139,DAopto-08,DAopto-08 Apr08 15:33,613.0,Aud_Psycho,True,Left,tStr_shuff,Right,Center,True,55.15288943860372,534.5,13.824701597810837
6140,DAopto-08,DAopto-08 Apr08 15:33,613.0,Aud_Psycho,True,Left,tStr_shuff,Right,Center,True,55.15288943860372,539.5,2.991368264477508
6141,DAopto-08,DAopto-08 Apr08 15:33,613.0,Aud_Psycho,True,Left,tStr_shuff,Right,Center,True,55.15288943860372,544.5,1.5231142962235396
6142,DAopto-08,DAopto-08 Apr08 15:33,613.0,Aud_Psycho,True,Left,tStr_shuff,Right,Center,True,55.15288943860372,549.5,1.5231142962235467
6143,DAopto-08,DAopto-08 Apr08 15:33,613.0,Aud_Psycho,True,Left,tStr_shuff,Right,Center,True,55.15288943860372,554.5,-4.191171418062169
6144,DAopto-08,DAopto-08 Apr08 15:33,613.0,Aud_Psycho,True,Left,tStr_shuff,Right,Center,True,55.15288943860372,559.5,6.285019058128306
6145,DAopto-08,DAopto-08 Apr08 15:33,613.0,Aud_Psycho,True,Left,tStr_shuff,Right,Center,True,55.15288943860372,564.5,5.094542867652116
6146,DAopto-08,DAopto-08 Apr08 15:33,613.0,Aud_Psycho,True,Left,tStr_shuff,Right,Center,True,55.15288943860372,569.5,3.904066677175919
6147,DAopto-08,DAopto-08 Apr08 15:33,613.0,Aud_Psycho,True,Left,tStr_shuff,Right,Center,True,55.15288943860372,574.5,7.237400010509248
6148,DAopto-08,DAopto-08 Apr08 15:33,613.0,Aud_Psycho,True,Left,tStr_shuff,Right,Center,True,55.15288943860372,579.5,18.189780962890218
6149,DAopto-08,DAopto-08 Apr08 15:33,613.0,Aud_Psycho,True,Left,tStr_shuff,Right,Center,True,55.15288943860372,584.5,12.237400010509255
6150,DAopto-08,DAopto-08 Apr08 15:33,613.0,Aud_Psycho,True,Left,tStr_shuff,Right,Center,True,55.15288943860372,589.5,6.285019058128306
6151,DAopto-08,DAopto-08 Apr08 15:33,613.0,Aud_Psycho,True,Left,tStr_shuff,Right,Center,True,55.15288943860372,594.5,-1.0959333228240808
6152,DAopto-08,DAopto-08 Apr08 15:33,613.0,Aud_Psycho,True,Left,tStr_shuff,Right,Center,True,55.15288943860372,599.5,1.3530462690126583
6303,DAopto-09,merge,496.4,merge,True,Right,tStr_shuff,Left,Center,True,,75.5,0.0
6304,DAopto-09,merge,496.4,merge,True,Right,tStr_shuff,Left,Center,True,,149.5,11.506877352958968
6305,DAopto-09,merge,496.4,merge,True,Right,tStr_shuff,Left,Center,True,,154.5,5.511333214557685
6306,DAopto-09,merge,496.4,merge,True,Right,tStr_shuff,Left,Center,True,,159.5,2.2352045812861947
6307,DAopto-09,merge,496.4,merge,True,Right,tStr_shuff,Left,Center,True,,164.5,-0.06638272030110955
6308,DAopto-09,merge,496.4,merge,True,Right,tStr_shuff,Left,Center,True,,169.5,-1.1041978463515263
6309,DAopto-09,merge,496.4,merge,True,Right,tStr_shuff,Left,Center,True,,174.5,-0.4854913894097777
6310,DAopto-09,merge,496.4,merge,True,Right,tStr_shuff,Left,Center,True,,179.5,-1.5829772368956256
6311,DAopto-09,merge,496.4,merge,True,Right,tStr_shuff,Left,Center,True,,184.5,-1.1298747837931686
6312,DAopto-09,merge,496.4,merge,True,Right,tStr_shuff,Left,Center,True,,189.5,1.4572048032864173
6313,DAopto-09,merge,496.4,merge,True,Right,tStr_shuff,Left,Center,True,,194.5,6.230764576846189
6314,DAopto-09,merge,496.4,merge,True,Right,tStr_shuff,Left,Center,True,,199.5,5.997109343190956
6315,DAopto-09,merge,496.4,merge,True,Right,tStr_shuff,Left,Center,True,,204.5,10.784849380930991
6316,DAopto-09,merge,496.4,merge,True,Right,tStr_shuff,Left,Center,True,,209.5,6.91717737040184
6317,DAopto-09,merge,496.4,merge,True,Right,tStr_shuff,Left,Center,True,,214.5,8.168842372066843
6318,DAopto-09,merge,496.4,merge,True,Right,tStr_shuff,Left,Center,True,,219.5,1.425680771762385
6319,DAopto-09,merge,496.4,merge,True,Right,tStr_shuff,Left,Center,True,,224.5,-0.48174513566352034
6320,DAopto-09,merge,496.4,merge,True,Right,tStr_shuff,Left,Center,True,,229.5,-1.8209614748798615
6321,DAopto-09,merge,496.4,merge,True,Right,tStr_shuff,Left,Center,True,,234.5,-2.4639296178480037
6322,DAopto-09,merge,496.4,merge,True,Right,tStr_shuff,Left,Center,True,,239.5,-1.892084796003185
6323,DAopto-09,merge,496.4,merge,True,Right,tStr_shuff,Left,Center,True,,244.5,-2.0483452022635946
6324,DAopto-09,merge,496.4,merge,True,Right,tStr_shuff,Left,Center,True,,249.5,0.18697503305664184
6325,DAopto-09,merge,496.4,merge,True,Right,tStr_shuff,Left,Center,True,,254.5,2.30022289630451
6326,DAopto-09,merge,496.4,merge,True,Right,tStr_shuff,Left,Center,True,,259.5,2.9522375483191587
6327,DAopto-09,merge,496.4,merge,True,Right,tStr_shuff,Left,Center,True,,264.5,8.060884853395036
6328,DAopto-09,merge,496.4,merge,True,Right,tStr_shuff,Left,Center,True,,269.5,9.883730658383701
6329,DAopto-09,merge,496.4,merge,True,Right,tStr_shuff,Left,Center,True,,274.5,5.47196781804943
6330,DAopto-09,merge,496.4,merge,True,Right,tStr_shuff,Left,Center,True,,279.5,7.059760977271163
6331,DAopto-09,merge,496.4,merge,True,Right,tStr_shuff,Left,Center,True,,284.5,2.6435739896556023
6332,DAopto-09,merge,496.4,merge,True,Right,tStr_shuff,Left,Center,True,,289.5,0.42568077176238645
6333,DAopto-09,merge,496.4,merge,True,Right,tStr_shuff,Left,Center,True,,294.5,0.29869664477825636
6334,DAopto-09,merge,496.4,merge,True,Right,tStr_shuff,Left,Center,True,,299.5,3.0014383475199566
6335,DAopto-09,merge,496.4,merge,True,Right,tStr_shuff,Left,Center,True,,304.5,-0.6493553032736941
6336,DAopto-09,merge,496.4,merge,True,Right,tStr_shuff,Left,Center,True,,309.5,0.6399664860481004
6337,DAopto-09,merge,539.75,merge,True,Right,tStr_shuff,Left,Center,True,,314.5,4.35983728311094
6338,DAopto-09,merge,539.75,merge,True,Right,tStr_shuff,Left,Center,True,,319.5,6.353884902158558
6339,DAopto-09,merge,539.75,merge,True,Right,tStr_shuff,Left,Center,True,,324.5,3.8935674418410997
6340,DAopto-09,merge,539.75,merge,True,Right,tStr_shuff,Left,Center,True,,329.5,2.5093470870325074
6341,DAopto-09,merge,539.75,merge,True,Right,tStr_shuff,Left,Center,True,,334.5,5.6842420450157025
6342,DAopto-09,merge,539.75,merge,True,Right,tStr_shuff,Left,Center,True,,339.5,2.6251434055599194
6343,DAopto-09,merge,539.75,merge,True,Right,tStr_shuff,Left,Center,True,,344.5,2.47987696565062
6344,DAopto-09,merge,539.75,merge,True,Right,tStr_shuff,Left,Center,True,,349.5,1.3762063307299908
6345,DAopto-09,merge,539.75,merge,True,Right,tStr_shuff,Left,Center,True,,354.5,4.389599187872848
6346,DAopto-09,merge,539.75,merge,True,Right,tStr_shuff,Left,Center,True,,359.5,6.316682521206179
6347,DAopto-09,merge,539.75,merge,True,Right,tStr_shuff,Left,Center,True,,364.5,8.630670616444275
6348,DAopto-09,merge,539.75,merge,True,Right,tStr_shuff,Left,Center,True,,369.5,7.110187423166966
6349,DAopto-09,merge,539.75,merge,True,Right,tStr_shuff,Left,Center,True,,374.5,5.818170616444274
6350,DAopto-09,merge,539.75,merge,True,Right,tStr_shuff,Left,Center,True,,379.5,4.488805537079196
6351,DAopto-09,merge,539.75,merge,True,Right,tStr_shuff,Left,Center,True,,384.5,5.387589293005809
6352,DAopto-09,merge,539.75,merge,True,Right,tStr_shuff,Left,Center,True,,389.5,4.871200919474573
6353,DAopto-09,merge,539.75,merge,True,Right,tStr_shuff,Left,Center,True,,394.5,3.426395724669379
6354,DAopto-09,merge,539.75,merge,True,Right,tStr_shuff,Left,Center,True,,399.5,4.707059505333161
6355,DAopto-09,merge,539.75,merge,True,Right,tStr_shuff,Left,Center,True,,404.5,9.832420255693913
6356,DAopto-09,merge,539.75,merge,True,Right,tStr_shuff,Left,Center,True,,409.5,7.931265854539516
6357,DAopto-09,merge,539.75,merge,True,Right,tStr_shuff,Left,Center,True,,414.5,10.8439781422518
6358,DAopto-09,merge,539.75,merge,True,Right,tStr_shuff,Left,Center,True,,419.5,7.111460659734316
6359,DAopto-09,merge,539.75,merge,True,Right,tStr_shuff,Left,Center,True,,424.5,2.920443343717002
6360,DAopto-09,merge,539.75,merge,True,Right,tStr_shuff,Left,Center,True,,429.5,2.3360277593014143
6361,DAopto-09,merge,539.75,merge,True,Right,tStr_shuff,Left,Center,True,,434.5,0.24277379104744945
6362,DAopto-09,merge,539.75,merge,True,Right,tStr_shuff,Left,Center,True,,439.5,0.9272976005712597
6363,DAopto-09,merge,539.75,merge,True,Right,tStr_shuff,Left,Center,True,,444.5,2.0979325212061806
6364,DAopto-09,merge,539.75,merge,True,Right,tStr_shuff,Left,Center,True,,449.5,2.5389498372234964
6365,DAopto-09,merge,615.5,merge,True,Right,tStr_shuff,Left,Center,True,,454.5,7.811187030131137
6366,DAopto-09,merge,615.5,merge,True,Right,tStr_shuff,Left,Center,True,,459.5,9.171731247818208
6367,DAopto-09,merge,615.5,merge,True,Right,tStr_shuff,Left,Center,True,,464.5,5.1751326083624285
6368,DAopto-09,merge,615.5,merge,True,Right,tStr_shuff,Left,Center,True,,469.5,8.993159819246781
6369,DAopto-09,merge,615.5,merge,True,Right,tStr_shuff,Left,Center,True,,474.5,10.659826485913445
6370,DAopto-09,merge,615.5,merge,True,Right,tStr_shuff,Left,Center,True,,479.5,10.064588390675349
6371,DAopto-09,merge,615.5,merge,True,Right,tStr_shuff,Left,Center,True,,484.5,12.84236616845313
6372,DAopto-09,merge,615.5,merge,True,Right,tStr_shuff,Left,Center,True,,489.5,7.981255057342018
6373,DAopto-09,merge,615.5,merge,True,Right,tStr_shuff,Left,Center,True,,494.5,6.31458839067535
6374,DAopto-09,merge,615.5,merge,True,Right,tStr_shuff,Left,Center,True,,499.5,21.314588390675354
6375,DAopto-09,merge,615.5,merge,True,Right,tStr_shuff,Left,Center,True,,504.5,19.766969343056303
6376,DAopto-09,merge,615.5,merge,True,Right,tStr_shuff,Left,Center,True,,509.5,16.671731247818208
6377,DAopto-09,merge,615.5,merge,True,Right,tStr_shuff,Left,Center,True,,514.5,17.98125505734202
6378,DAopto-09,merge,615.5,merge,True,Right,tStr_shuff,Left,Center,True,,519.5,10.957445533532493
6379,DAopto-09,merge,615.5,merge,True,Right,tStr_shuff,Left,Center,True,,524.5,6.790778866865827
6380,DAopto-09,merge,615.5,merge,True,Right,tStr_shuff,Left,Center,True,,529.5,6.19554077162773
6381,DAopto-09,merge,615.5,merge,True,Right,tStr_shuff,Left,Center,True,,534.5,4.749962540335208
6382,DAopto-09,merge,615.5,merge,True,Right,tStr_shuff,Left,Center,True,,539.5,4.389985216072175
6383,DAopto-09,merge,615.5,merge,True,Right,tStr_shuff,Left,Center,True,,544.5,4.647921724008684
6384,DAopto-09,merge,615.5,merge,True,Right,tStr_shuff,Left,Center,True,,549.5,4.647921724008679
6385,DAopto-09,merge,615.5,merge,True,Right,tStr_shuff,Left,Center,True,,554.5,-1.1457290696421047
6386,DAopto-09,merge,615.5,merge,True,Right,tStr_shuff,Left,Center,True,,559.5,-0.8282687521817884
6387,DAopto-09,merge,615.5,merge,True,Right,tStr_shuff,Left,Center,True,,564.5,8.899622404280795
6388,DAopto-09,merge,615.5,merge,True,Right,tStr_shuff,Left,Center,True,,569.5,5.685336689995079
6389,DAopto-09,merge,615.5,merge,True,Right,tStr_shuff,Left,Center,True,,574.5,3.576493152580113
6390,DAopto-09,merge,615.5,merge,True,Right,tStr_shuff,Left,Center,True,,579.5,4.171731247818212
6391,DAopto-09,merge,615.5,merge,True,Right,tStr_shuff,Left,Center,True,,584.5,6.19554077162773
6705,DAopto-09,DAopto-09 Apr08 16:19,630.0,Aud_Psycho,True,Right,tStr_shuff,Left,Center,True,66.95310231115857,589.5,-5.883810231636318
6706,DAopto-09,DAopto-09 Apr08 16:19,630.0,Aud_Psycho,True,Right,tStr_shuff,Left,Center,True,66.95310231115857,594.5,2.449523101697011
6707,DAopto-09,DAopto-09 Apr08 16:19,630.0,Aud_Psycho,True,Right,tStr_shuff,Left,Center,True,66.95310231115857,599.5,4.8304754826493905
6708,DAopto-09,DAopto-09 Apr08 16:19,630.0,Aud_Psycho,True,Right,tStr_shuff,Left,Center,True,66.95310231115857,604.5,7.211427863601777
6709,DAopto-09,DAopto-09 Apr08 16:19,630.0,Aud_Psycho,True,Right,tStr_shuff,Left,Center,True,66.95310231115857,609.5,4.830475482649398
6710,DAopto-09,DAopto-09 Apr08 16:19,630.0,Aud_Psycho,True,Right,tStr_shuff,Left,Center,True,66.95310231115857,614.5,9.592380244554171
7065,DAopto-10,merge,506.0,merge,True,Right,tStr_shuff,Left,Center,True,,75.5,0.0
7066,DAopto-10,merge,506.0,merge,True,Right,tStr_shuff,Left,Center,True,,149.5,1.6253835570055166
7067,DAopto-10,merge,506.0,merge,True,Right,tStr_shuff,Left,Center,True,,154.5,1.1278255594475262
7068,DAopto-10,merge,506.0,merge,True,Right,tStr_shuff,Left,Center,True,,159.5,0.12584143246339252
7069,DAopto-10,merge,506.0,merge,True,Right,tStr_shuff,Left,Center,True,,164.5,-3.207491900869943
7070,DAopto-10,merge,506.0,merge,True,Right,tStr_shuff,Left,Center,True,,169.5,-4.338444281822323
7071,DAopto-10,merge,506.0,merge,True,Right,tStr_shuff,Left,Center,True,,174.5,-3.0189998373778764
7072,DAopto-10,merge,506.0,merge,True,Right,tStr_shuff,Left,Center,True,,179.5,1.3460795277014945
7073,DAopto-10,merge,506.0,merge,True,Right,tStr_shuff,Left,Center,True,,184.5,2.8341747657967282
7074,DAopto-10,merge,506.0,merge,True,Right,tStr_shuff,Left,Center,True,,189.5,7.893698575320531
7075,DAopto-10,merge,506.0,merge,True,Right,tStr_shuff,Left,Center,True,,194.5,7.432770614392574
7076,DAopto-10,merge,506.0,merge,True,Right,tStr_shuff,Left,Center,True,,199.5,2.2129903946123584
7077,DAopto-10,merge,506.0,merge,True,Right,tStr_shuff,Left,Center,True,,204.5,7.2313054129273695
7078,DAopto-10,merge,506.0,merge,True,Right,tStr_shuff,Left,Center,True,,209.5,8.36988905151101
7079,DAopto-10,merge,506.0,merge,True,Right,tStr_shuff,Left,Center,True,,214.5,11.286555718177675
7080,DAopto-10,merge,506.0,merge,True,Right,tStr_shuff,Left,Center,True,,219.5,11.346079527701487
7081,DAopto-10,merge,506.0,merge,True,Right,tStr_shuff,Left,Center,True,,224.5,5.403212870549115
7082,DAopto-10,merge,506.0,merge,True,Right,tStr_shuff,Left,Center,True,,229.5,3.362396544018498
7083,DAopto-10,merge,506.0,merge,True,Right,tStr_shuff,Left,Center,True,,234.5,3.525566707188659
7084,DAopto-10,merge,506.0,merge,True,Right,tStr_shuff,Left,Center,True,,239.5,6.843915025536983
7085,DAopto-10,merge,506.0,merge,True,Right,tStr_shuff,Left,Center,True,,244.5,5.2746509562729145
7086,DAopto-10,merge,506.0,merge,True,Right,tStr_shuff,Left,Center,True,,249.5,6.657434839056801
7087,DAopto-10,merge,506.0,merge,True,Right,tStr_shuff,Left,Center,True,,254.5,3.6079842896062466
7088,DAopto-10,merge,506.0,merge,True,Right,tStr_shuff,Left,Center,True,,259.5,-4.1811313566522585
7089,DAopto-10,merge,506.0,merge,True,Right,tStr_shuff,Left,Center,True,,264.5,-1.766878942399842
7090,DAopto-10,merge,506.0,merge,True,Right,tStr_shuff,Left,Center,True,,269.5,-3.1777299961080345
7091,DAopto-10,merge,506.0,merge,True,Right,tStr_shuff,Left,Center,True,,274.5,1.1079842896062502
7092,DAopto-10,merge,506.0,merge,True,Right,tStr_shuff,Left,Center,True,,279.5,5.631793813415779
7093,DAopto-10,merge,506.0,merge,True,Right,tStr_shuff,Left,Center,True,,284.5,1.3857620673840287
7094,DAopto-10,merge,506.0,merge,True,Right,tStr_shuff,Left,Center,True,,289.5,-6.868206186584224
7095,DAopto-10,merge,506.0,merge,True,Right,tStr_shuff,Left,Center,True,,294.5,0.6147870106946804
7096,DAopto-10,merge,506.0,merge,True,Right,tStr_shuff,Left,Center,True,,299.5,1.6665923482143086
7097,DAopto-10,merge,506.0,merge,True,Right,tStr_shuff,Left,Center,True,,304.5,1.785639967261929
7098,DAopto-10,merge,506.0,merge,True,Right,tStr_shuff,Left,Center,True,,309.5,3.691928123550081
7099,DAopto-10,merge,506.0,merge,True,Right,tStr_shuff,Left,Center,True,,314.5,6.82227000389196
7100,DAopto-10,merge,506.0,merge,True,Right,tStr_shuff,Left,Center,True,,319.5,5.929412861034816
7101,DAopto-10,merge,506.0,merge,True,Right,tStr_shuff,Left,Center,True,,324.5,6.107984289606247
7102,DAopto-10,merge,506.0,merge,True,Right,tStr_shuff,Left,Center,True,,329.5,6.992338031102843
7103,DAopto-10,merge,506.0,merge,True,Right,tStr_shuff,Left,Center,True,,334.5,4.2032223848443415
7104,DAopto-10,merge,506.0,merge,True,Right,tStr_shuff,Left,Center,True,,339.5,6.501757183379137
7105,DAopto-10,merge,506.0,merge,True,Right,tStr_shuff,Left,Center,True,,344.5,5.512746194368155
7106,DAopto-10,merge,506.0,merge,True,Right,tStr_shuff,Left,Center,True,,349.5,4.441317622939579
7107,DAopto-10,merge,506.0,merge,True,Right,tStr_shuff,Left,Center,True,,354.5,13.965127146749111
7108,DAopto-10,merge,506.0,merge,True,Right,tStr_shuff,Left,Center,True,,359.5,16.10798428960625
7109,DAopto-10,merge,506.0,merge,True,Right,tStr_shuff,Left,Center,True,,364.5,17.536555718177674
7110,DAopto-10,merge,506.0,merge,True,Right,tStr_shuff,Left,Center,True,,369.5,11.85473753635949
7111,DAopto-10,merge,506.0,merge,True,Right,tStr_shuff,Left,Center,True,,374.5,12.33814301976498
7112,DAopto-10,merge,506.0,merge,True,Right,tStr_shuff,Left,Center,True,,379.5,4.322270003891962
7113,DAopto-10,merge,506.0,merge,True,Right,tStr_shuff,Left,Center,True,,384.5,2.893698575320535
7114,DAopto-10,merge,506.0,merge,True,Right,tStr_shuff,Left,Center,True,,389.5,5.036555718177677
7115,DAopto-10,merge,506.0,merge,True,Right,tStr_shuff,Left,Center,True,,394.5,3.369889051511013
7116,DAopto-10,merge,506.0,merge,True,Right,tStr_shuff,Left,Center,True,,399.5,4.271249595728698
7117,DAopto-10,merge,506.0,merge,True,Right,tStr_shuff,Left,Center,True,,404.5,-2.899952218330256
7118,DAopto-10,merge,506.0,merge,True,Right,tStr_shuff,Left,Center,True,,409.5,-3.8920157103937463
7119,DAopto-10,merge,506.0,merge,True,Right,tStr_shuff,Left,Center,True,,414.5,-8.415825234203275
7120,DAopto-10,merge,506.0,merge,True,Right,tStr_shuff,Left,Center,True,,419.5,-5.6777299961080345
7121,DAopto-10,merge,506.0,merge,True,Right,tStr_shuff,Left,Center,True,,424.5,-11.39201571039375
7122,DAopto-10,merge,506.0,merge,True,Right,tStr_shuff,Left,Center,True,,429.5,-7.4817593001373375
7123,DAopto-10,merge,506.0,merge,True,Right,tStr_shuff,Left,Center,True,,434.5,-7.880110948488994
7124,DAopto-10,merge,506.0,merge,True,Right,tStr_shuff,Left,Center,True,,439.5,-11.33249190086995
7125,DAopto-10,merge,506.0,merge,True,Right,tStr_shuff,Left,Center,True,,444.5,-13.614237932615978
7126,DAopto-10,merge,506.0,merge,True,Right,tStr_shuff,Left,Center,True,,449.5,-8.673761742139789
7127,DAopto-10,merge,506.0,merge,True,Right,tStr_shuff,Left,Center,True,,454.5,-6.381193199571246
7128,DAopto-10,merge,506.0,merge,True,Right,tStr_shuff,Left,Center,True,,459.5,-1.024050342428385
7129,DAopto-10,merge,506.0,merge,True,Right,tStr_shuff,Left,Center,True,,464.5,-0.10233317071120851
7130,DAopto-10,merge,506.0,merge,True,Right,tStr_shuff,Left,Center,True,,469.5,-4.123728442106483
7131,DAopto-10,merge,506.0,merge,True,Right,tStr_shuff,Left,Center,True,,474.5,0.6913176229395788
7132,DAopto-10,merge,506.0,merge,True,Right,tStr_shuff,Left,Center,True,,479.5,3.038553720175681
7319,DAopto-10,DAopto-10 Apr08 16:22,517.0,Auditory,True,Right,tStr_shuff,Left,Center,True,51.5820953115956,484.5,8.12133072407044
7320,DAopto-10,DAopto-10 Apr08 16:22,517.0,Auditory,True,Right,tStr_shuff,Left,Center,True,51.5820953115956,489.5,5.145140247879965
7321,DAopto-10,DAopto-10 Apr08 16:22,517.0,Auditory,True,Right,tStr_shuff,Left,Center,True,51.5820953115956,494.5,5.145140247879965
7322,DAopto-10,DAopto-10 Apr08 16:22,517.0,Auditory,True,Right,tStr_shuff,Left,Center,True,51.5820953115956,499.5,-3.566980964241239
7323,DAopto-10,DAopto-10 Apr08 16:22,517.0,Auditory,True,Right,tStr_shuff,Left,Center,True,51.5820953115956,504.5,-0.6881930854533636
7368,DAopto-10,DAopto-10 Apr12 15:54,338.0,Aud_Psycho,True,Left,tStr_shuff,Right,Center,True,46.844297007340494,75.5,0.0
7369,DAopto-10,DAopto-10 Apr12 15:54,338.0,Aud_Psycho,True,Left,tStr_shuff,Right,Center,True,46.844297007340494,149.5,36.10971068269203
7370,DAopto-10,DAopto-10 Apr12 15:54,338.0,Aud_Psycho,True,Left,tStr_shuff,Right,Center,True,46.844297007340494,154.5,20.055288913984562
7371,DAopto-10,DAopto-10 Apr12 15:54,338.0,Aud_Psycho,True,Left,tStr_shuff,Right,Center,True,46.844297007340494,159.5,7.912431771127416
7372,DAopto-10,DAopto-10 Apr12 15:54,338.0,Aud_Psycho,True,Left,tStr_shuff,Right,Center,True,46.844297007340494,164.5,-3.7542348955392555
7373,DAopto-10,DAopto-10 Apr12 15:54,338.0,Aud_Psycho,True,Left,tStr_shuff,Right,Center,True,46.844297007340494,169.5,-1.3732825145868688
7374,DAopto-10,DAopto-10 Apr12 15:54,338.0,Aud_Psycho,True,Left,tStr_shuff,Right,Center,True,46.844297007340494,174.5,7.674336533032175
7375,DAopto-10,DAopto-10 Apr12 15:54,338.0,Aud_Psycho,True,Left,tStr_shuff,Right,Center,True,46.844297007340494,179.5,16.245765104460745
7376,DAopto-10,DAopto-10 Apr12 15:54,338.0,Aud_Psycho,True,Left,tStr_shuff,Right,Center,True,46.844297007340494,184.5,0.055288913984561816
7377,DAopto-10,DAopto-10 Apr12 15:54,338.0,Aud_Psycho,True,Left,tStr_shuff,Right,Center,True,46.844297007340494,189.5,4.102907961603606
7378,DAopto-10,DAopto-10 Apr12 15:54,338.0,Aud_Psycho,True,Left,tStr_shuff,Right,Center,True,46.844297007340494,194.5,7.674336533032168
7379,DAopto-10,DAopto-10 Apr12 15:54,338.0,Aud_Psycho,True,Left,tStr_shuff,Right,Center,True,46.844297007340494,199.5,15.293384152079796
7380,DAopto-10,DAopto-10 Apr12 15:54,338.0,Aud_Psycho,True,Left,tStr_shuff,Right,Center,True,46.844297007340494,204.5,0.4634521792906767
7381,DAopto-10,DAopto-10 Apr12 15:54,338.0,Aud_Psycho,True,Left,tStr_shuff,Right,Center,True,46.844297007340494,209.5,6.721955580651219
7382,DAopto-10,DAopto-10 Apr12 15:54,338.0,Aud_Psycho,True,Left,tStr_shuff,Right,Center,True,46.844297007340494,214.5,0.610844469540119
7383,DAopto-10,DAopto-10 Apr12 15:54,338.0,Aud_Psycho,True,Left,tStr_shuff,Right,Center,True,46.844297007340494,219.5,2.674336533032168
7384,DAopto-10,DAopto-10 Apr12 15:54,338.0,Aud_Psycho,True,Left,tStr_shuff,Right,Center,True,46.844297007340494,224.5,0.4124317711274088
7385,DAopto-10,DAopto-10 Apr12 15:54,338.0,Aud_Psycho,True,Left,tStr_shuff,Right,Center,True,46.844297007340494,229.5,1.6029079616036057
7386,DAopto-10,DAopto-10 Apr12 15:54,338.0,Aud_Psycho,True,Left,tStr_shuff,Right,Center,True,46.844297007340494,234.5,-2.9379083649270044
7387,DAopto-10,DAopto-10 Apr12 15:54,338.0,Aud_Psycho,True,Left,tStr_shuff,Right,Center,True,46.844297007340494,239.5,1.0076698663655037
7388,DAopto-10,DAopto-10 Apr12 15:54,338.0,Aud_Psycho,True,Left,tStr_shuff,Right,Center,True,46.844297007340494,244.5,-21.61137775268211
7389,DAopto-10,DAopto-10 Apr12 15:54,338.0,Aud_Psycho,True,Left,tStr_shuff,Right,Center,True,46.844297007340494,249.5,-8.03994918125354
7390,DAopto-10,DAopto-10 Apr12 15:54,338.0,Aud_Psycho,True,Left,tStr_shuff,Right,Center,True,46.844297007340494,254.5,1.0076698663655037
7391,DAopto-10,DAopto-10 Apr12 15:54,338.0,Aud_Psycho,True,Left,tStr_shuff,Right,Center,True,46.844297007340494,259.5,2.1981460568417006
7392,DAopto-10,DAopto-10 Apr12 15:54,338.0,Aud_Psycho,True,Left,tStr_shuff,Right,Center,True,46.844297007340494,264.5,5.769574628270277
7393,DAopto-10,DAopto-10 Apr12 15:54,338.0,Aud_Psycho,True,Left,tStr_shuff,Right,Center,True,46.844297007340494,269.5,15.531479390175036
7394,DAopto-10,DAopto-10 Apr12 15:54,338.0,Aud_Psycho,True,Left,tStr_shuff,Right,Center,True,46.844297007340494,274.5,17.164132451399524
7395,DAopto-10,DAopto-10 Apr12 15:54,338.0,Aud_Psycho,True,Left,tStr_shuff,Right,Center,True,46.844297007340494,279.5,17.164132451399517
7396,DAopto-10,DAopto-10 Apr12 15:54,338.0,Aud_Psycho,True,Left,tStr_shuff,Right,Center,True,46.844297007340494,284.5,2.674336533032175
7397,DAopto-10,DAopto-10 Apr12 15:54,338.0,Aud_Psycho,True,Left,tStr_shuff,Right,Center,True,46.844297007340494,289.5,6.2457651044607445
7398,DAopto-10,DAopto-10 Apr12 15:54,338.0,Aud_Psycho,True,Left,tStr_shuff,Right,Center,True,46.844297007340494,294.5,6.2457651044607445
7399,DAopto-10,DAopto-10 Apr12 15:54,338.0,Aud_Psycho,True,Left,tStr_shuff,Right,Center,True,46.844297007340494,299.5,7.277511136206776
7400,DAopto-10,DAopto-10 Apr12 15:54,338.0,Aud_Psycho,True,Left,tStr_shuff,Right,Center,True,46.844297007340494,304.5,5.88862224731789
7401,DAopto-10,DAopto-10 Apr12 15:54,338.0,Aud_Psycho,True,Left,tStr_shuff,Right,Center,True,46.844297007340494,309.5,1.2060825647781996
7402,DAopto-10,DAopto-10 Apr12 15:54,338.0,Aud_Psycho,True,Left,tStr_shuff,Right,Center,True,46.844297007340494,314.5,-11.577364147239926
7403,DAopto-10,DAopto-10 Apr12 15:54,338.0,Aud_Psycho,True,Left,tStr_shuff,Right,Center,True,46.844297007340494,319.5,-21.101173671049455
7404,DAopto-10,DAopto-10 Apr12 15:54,338.0,Aud_Psycho,True,Left,tStr_shuff,Right,Center,True,46.844297007340494,324.5,-18.039949181253537
